{"providers": [{"type": "bitmap", "file": "tcc.compendium:icons/empty.png", "ascent": 6, "height": 16, "chars": ["\ua000"]}, {"type": "bitmap", "file": "tcc.compendium:icons/empty.png", "ascent": 15, "height": 16, "chars": ["\ua001"]}, {"type": "bitmap", "file": "tcc.compendium:icons/index/ancient_city_archaeology.png", "ascent": 15, "height": 16, "chars": ["\ua002"]}, {"type": "bitmap", "file": "tcc.compendium:icons/index/archaeologist.png", "ascent": 15, "height": 16, "chars": ["\ua003"]}, {"type": "bitmap", "file": "tcc.compendium:icons/index/badlands_temple.png", "ascent": 15, "height": 16, "chars": ["\ua004"]}, {"type": "bitmap", "file": "tcc.compendium:icons/index/blind_rage_potion.png", "ascent": 15, "height": 16, "chars": ["\ua005"]}, {"type": "bitmap", "file": "tcc.compendium:icons/index/brush_painting.png", "ascent": 15, "height": 16, "chars": ["\ua006"]}, {"type": "bitmap", "file": "tcc.compendium:icons/index/cat_improvements.png", "ascent": 15, "height": 16, "chars": ["\ua007"]}, {"type": "bitmap", "file": "tcc.compendium:icons/index/climbable_chains.png", "ascent": 15, "height": 16, "chars": ["\ua008"]}, {"type": "bitmap", "file": "tcc.compendium:icons/index/crashed_end_ship.png", "ascent": 15, "height": 16, "chars": ["\ua009"]}, {"type": "bitmap", "file": "tcc.compendium:icons/index/creaking_crypt.png", "ascent": 15, "height": 16, "chars": ["\ua00a"]}, {"type": "bitmap", "file": "tcc.compendium:icons/index/diluted_potions.png", "ascent": 15, "height": 16, "chars": ["\ua00b"]}, {"type": "bitmap", "file": "tcc.compendium:icons/index/drowned_variants.png", "ascent": 15, "height": 16, "chars": ["\ua00c"]}, {"type": "bitmap", "file": "tcc.compendium:icons/index/dyed_compasses.png", "ascent": 15, "height": 16, "chars": ["\ua00d"]}, {"type": "bitmap", "file": "tcc.compendium:icons/index/dyed_written_books.png", "ascent": 15, "height": 16, "chars": ["\ua00e"]}, {"type": "bitmap", "file": "tcc.compendium:icons/index/elder_guardian_improvements.png", "ascent": 15, "height": 16, "chars": ["\ua00f"]}, {"type": "bitmap", "file": "tcc.compendium:icons/index/emoji.png", "ascent": 15, "height": 16, "chars": ["\ua010"]}, {"type": "bitmap", "file": "tcc.compendium:icons/index/enchanter.png", "ascent": 15, "height": 16, "chars": ["\ua011"]}, {"type": "bitmap", "file": "tcc.compendium:icons/index/fishing_treasure_particles.png", "ascent": 15, "height": 16, "chars": ["\ua012"]}, {"type": "bitmap", "file": "tcc.compendium:icons/index/fortitude_potion.png", "ascent": 15, "height": 16, "chars": ["\ua013"]}, {"type": "bitmap", "file": "tcc.compendium:icons/index/geomancer.png", "ascent": 15, "height": 16, "chars": ["\ua014"]}, {"type": "bitmap", "file": "tcc.compendium:icons/index/glow_lichen_zombie.png", "ascent": 15, "height": 16, "chars": ["\ua015"]}, {"type": "bitmap", "file": "tcc.compendium:icons/index/hoglin_improvements.png", "ascent": 15, "height": 16, "chars": ["\ua016"]}, {"type": "bitmap", "file": "tcc.compendium:icons/index/iceologer.png", "ascent": 15, "height": 16, "chars": ["\ua017"]}, {"type": "bitmap", "file": "tcc.compendium:icons/index/jungle_temple_rework.png", "ascent": 15, "height": 16, "chars": ["\ua018"]}, {"type": "bitmap", "file": "tcc.compendium:icons/index/learning_enchantment.png", "ascent": 15, "height": 16, "chars": ["\ua019"]}, {"type": "bitmap", "file": "tcc.compendium:icons/index/more_flower_pots.png", "ascent": 15, "height": 16, "chars": ["\ua01a"]}, {"type": "bitmap", "file": "tcc.compendium:icons/index/ocean_monument_rework.png", "ascent": 15, "height": 16, "chars": ["\ua01b"]}, {"type": "bitmap", "file": "tcc.compendium:icons/index/pig_improvements.png", "ascent": 15, "height": 16, "chars": ["\ua01c"]}, {"type": "bitmap", "file": "tcc.compendium:icons/index/piglin_bartering_archaeology.png", "ascent": 15, "height": 16, "chars": ["\ua01d"]}, {"type": "bitmap", "file": "tcc.compendium:icons/index/quarry_remnant.png", "ascent": 15, "height": 16, "chars": ["\ua01e"]}, {"type": "bitmap", "file": "tcc.compendium:icons/index/refuge_remains.png", "ascent": 15, "height": 16, "chars": ["\ua01f"]}, {"type": "bitmap", "file": "tcc.compendium:icons/index/tundra_keep.png", "ascent": 15, "height": 16, "chars": ["\ua020"]}, {"type": "bitmap", "file": "tcc.compendium:icons/index/village_cherry_grove.png", "ascent": 15, "height": 16, "chars": ["\ua021"]}, {"type": "bitmap", "file": "tcc.compendium:icons/index/village_mangrove_swamp.png", "ascent": 15, "height": 16, "chars": ["\ua022"]}, {"type": "bitmap", "file": "tcc.compendium:icons/index/village_sparse_jungle.png", "ascent": 15, "height": 16, "chars": ["\ua023"]}, {"type": "bitmap", "file": "tcc.compendium:icons/index/wandering_trader_rework.png", "ascent": 15, "height": 16, "chars": ["\ua024"]}, {"type": "bitmap", "file": "tcc.compendium:icons/index/wandering_witch.png", "ascent": 15, "height": 16, "chars": ["\ua025"]}, {"type": "bitmap", "file": "tcc.compendium:icons/index/woodland_mansion_rework.png", "ascent": 15, "height": 16, "chars": ["\ua026"]}, {"type": "bitmap", "file": "tcc.compendium:icons/item/minecraft/apple.png", "ascent": 15, "height": 16, "chars": ["\ua027"]}, {"type": "bitmap", "file": "tcc.compendium:icons/item/minecraft/armor_stand.png", "ascent": 15, "height": 16, "chars": ["\ua028"]}, {"type": "bitmap", "file": "tcc.compendium:icons/item/minecraft/blackstone.png", "ascent": 15, "height": 16, "chars": ["\ua029"]}, {"type": "bitmap", "file": "tcc.compendium:icons/item/minecraft/book.png", "ascent": 15, "height": 16, "chars": ["\ua02a"]}, {"type": "bitmap", "file": "tcc.compendium:icons/item/minecraft/bowl.png", "ascent": 15, "height": 16, "chars": ["\ua02b"]}, {"type": "bitmap", "file": "tcc.compendium:icons/item/minecraft/brick.png", "ascent": 15, "height": 16, "chars": ["\ua02c"]}, {"type": "bitmap", "file": "tcc.compendium:icons/item/minecraft/chorus_fruit.png", "ascent": 15, "height": 16, "chars": ["\ua02d"]}, {"type": "bitmap", "file": "tcc.compendium:icons/item/minecraft/cobbled_deepslate.png", "ascent": 15, "height": 16, "chars": ["\ua02e"]}, {"type": "bitmap", "file": "tcc.compendium:icons/item/minecraft/copper_ingot.png", "ascent": 15, "height": 16, "chars": ["\ua02f"]}, {"type": "bitmap", "file": "tcc.compendium:icons/item/minecraft/copper_nugget.png", "ascent": 15, "height": 16, "chars": ["\ua030"]}, {"type": "bitmap", "file": "tcc.compendium:icons/item/minecraft/cracked_deepslate_bricks.png", "ascent": 15, "height": 16, "chars": ["\ua031"]}, {"type": "bitmap", "file": "tcc.compendium:icons/item/minecraft/cracked_deepslate_tiles.png", "ascent": 15, "height": 16, "chars": ["\ua032"]}, {"type": "bitmap", "file": "tcc.compendium:icons/item/minecraft/creaking_heart.png", "ascent": 15, "height": 16, "chars": ["\ua033"]}, {"type": "bitmap", "file": "tcc.compendium:icons/item/minecraft/crimson_fungus.png", "ascent": 15, "height": 16, "chars": ["\ua034"]}, {"type": "bitmap", "file": "tcc.compendium:icons/item/minecraft/dark_prismarine.png", "ascent": 15, "height": 16, "chars": ["\ua035"]}, {"type": "bitmap", "file": "tcc.compendium:icons/item/minecraft/dead_bush.png", "ascent": 15, "height": 16, "chars": ["\ua036"]}, {"type": "bitmap", "file": "tcc.compendium:icons/item/minecraft/diamond.png", "ascent": 15, "height": 16, "chars": ["\ua037"]}, {"type": "bitmap", "file": "tcc.compendium:icons/item/minecraft/diamond_horse_armor.png", "ascent": 15, "height": 16, "chars": ["\ua038"]}, {"type": "bitmap", "file": "tcc.compendium:icons/item/minecraft/dirt.png", "ascent": 15, "height": 16, "chars": ["\ua039"]}, {"type": "bitmap", "file": "tcc.compendium:icons/item/minecraft/dragon_head.png", "ascent": 15, "height": 16, "chars": ["\ua03a"]}, {"type": "bitmap", "file": "tcc.compendium:icons/item/minecraft/echo_shard.png", "ascent": 15, "height": 16, "chars": ["\ua03b"]}, {"type": "bitmap", "file": "tcc.compendium:icons/item/minecraft/egg.png", "ascent": 15, "height": 16, "chars": ["\ua03c"]}, {"type": "bitmap", "file": "tcc.compendium:icons/item/minecraft/emerald.png", "ascent": 15, "height": 16, "chars": ["\ua03d"]}, {"type": "bitmap", "file": "tcc.compendium:icons/item/minecraft/emerald_ore.png", "ascent": 15, "height": 16, "chars": ["\ua03e"]}, {"type": "bitmap", "file": "tcc.compendium:icons/item/minecraft/enchanted_book.png", "ascent": 15, "height": 16, "chars": ["\ua03f"]}, {"type": "bitmap", "file": "tcc.compendium:icons/item/minecraft/ender_eye.png", "ascent": 15, "height": 16, "chars": ["\ua040"]}, {"type": "bitmap", "file": "tcc.compendium:icons/item/minecraft/ender_pearl.png", "ascent": 15, "height": 16, "chars": ["\ua041"]}, {"type": "bitmap", "file": "tcc.compendium:icons/item/minecraft/exposed_copper_bulb.png", "ascent": 15, "height": 16, "chars": ["\ua042"]}, {"type": "bitmap", "file": "tcc.compendium:icons/item/minecraft/fire_coral.png", "ascent": 15, "height": 16, "chars": ["\ua043"]}, {"type": "bitmap", "file": "tcc.compendium:icons/item/minecraft/fire_coral_block.png", "ascent": 15, "height": 16, "chars": ["\ua044"]}, {"type": "bitmap", "file": "tcc.compendium:icons/item/minecraft/fishing_rod.png", "ascent": 15, "height": 16, "chars": ["\ua045"]}, {"type": "bitmap", "file": "tcc.compendium:icons/item/minecraft/flower_pot.png", "ascent": 15, "height": 16, "chars": ["\ua046"]}, {"type": "bitmap", "file": "tcc.compendium:icons/item/minecraft/ghast_tear.png", "ascent": 15, "height": 16, "chars": ["\ua047"]}, {"type": "bitmap", "file": "tcc.compendium:icons/item/minecraft/gilded_blackstone.png", "ascent": 15, "height": 16, "chars": ["\ua048"]}, {"type": "bitmap", "file": "tcc.compendium:icons/item/minecraft/glow_berries.png", "ascent": 15, "height": 16, "chars": ["\ua049"]}, {"type": "bitmap", "file": "tcc.compendium:icons/item/minecraft/glowstone_dust.png", "ascent": 15, "height": 16, "chars": ["\ua04a"]}, {"type": "bitmap", "file": "tcc.compendium:icons/item/minecraft/gold_ingot.png", "ascent": 15, "height": 16, "chars": ["\ua04b"]}, {"type": "bitmap", "file": "tcc.compendium:icons/item/minecraft/golden_apple.png", "ascent": 15, "height": 16, "chars": ["\ua04c"]}, {"type": "bitmap", "file": "tcc.compendium:icons/item/minecraft/green_glazed_terracotta.png", "ascent": 15, "height": 16, "chars": ["\ua04d"]}, {"type": "bitmap", "file": "tcc.compendium:icons/item/minecraft/gunpowder.png", "ascent": 15, "height": 16, "chars": ["\ua04e"]}, {"type": "bitmap", "file": "tcc.compendium:icons/item/minecraft/hanging_roots.png", "ascent": 15, "height": 16, "chars": ["\ua04f"]}, {"type": "bitmap", "file": "tcc.compendium:icons/item/minecraft/hay_block.png", "ascent": 15, "height": 16, "chars": ["\ua050"]}, {"type": "bitmap", "file": "tcc.compendium:icons/item/minecraft/ink_sac.png", "ascent": 15, "height": 16, "chars": ["\ua051"]}, {"type": "bitmap", "file": "tcc.compendium:icons/item/minecraft/iron_chain.png", "ascent": 15, "height": 16, "chars": ["\ua052"]}, {"type": "bitmap", "file": "tcc.compendium:icons/item/minecraft/iron_ingot.png", "ascent": 15, "height": 16, "chars": ["\ua053"]}, {"type": "bitmap", "file": "tcc.compendium:icons/item/minecraft/iron_nugget.png", "ascent": 15, "height": 16, "chars": ["\ua054"]}, {"type": "bitmap", "file": "tcc.compendium:icons/item/minecraft/iron_pickaxe.png", "ascent": 15, "height": 16, "chars": ["\ua055"]}, {"type": "bitmap", "file": "tcc.compendium:icons/item/minecraft/iron_trapdoor.png", "ascent": 15, "height": 16, "chars": ["\ua056"]}, {"type": "bitmap", "file": "tcc.compendium:icons/item/minecraft/leather.png", "ascent": 15, "height": 16, "chars": ["\ua057"]}, {"type": "bitmap", "file": "tcc.compendium:icons/item/minecraft/loom.png", "ascent": 15, "height": 16, "chars": ["\ua058"]}, {"type": "bitmap", "file": "tcc.compendium:icons/item/minecraft/mace.png", "ascent": 15, "height": 16, "chars": ["\ua059"]}, {"type": "bitmap", "file": "tcc.compendium:icons/item/minecraft/magenta_dye.png", "ascent": 15, "height": 16, "chars": ["\ua05a"]}, {"type": "bitmap", "file": "tcc.compendium:icons/item/minecraft/mangrove_roots.png", "ascent": 15, "height": 16, "chars": ["\ua05b"]}, {"type": "bitmap", "file": "tcc.compendium:icons/item/minecraft/mossy_cobblestone.png", "ascent": 15, "height": 16, "chars": ["\ua05c"]}, {"type": "bitmap", "file": "tcc.compendium:icons/item/minecraft/mossy_cobblestone_stairs.png", "ascent": 15, "height": 16, "chars": ["\ua05d"]}, {"type": "bitmap", "file": "tcc.compendium:icons/item/minecraft/music_disc_pigstep.png", "ascent": 15, "height": 16, "chars": ["\ua05e"]}, {"type": "bitmap", "file": "tcc.compendium:icons/item/minecraft/nether_brick.png", "ascent": 15, "height": 16, "chars": ["\ua05f"]}, {"type": "bitmap", "file": "tcc.compendium:icons/item/minecraft/nether_bricks.png", "ascent": 15, "height": 16, "chars": ["\ua060"]}, {"type": "bitmap", "file": "tcc.compendium:icons/item/minecraft/nether_star.png", "ascent": 15, "height": 16, "chars": ["\ua061"]}, {"type": "bitmap", "file": "tcc.compendium:icons/item/minecraft/netherite_scrap.png", "ascent": 15, "height": 16, "chars": ["\ua062"]}, {"type": "bitmap", "file": "tcc.compendium:icons/item/minecraft/note_block.png", "ascent": 15, "height": 16, "chars": ["\ua063"]}, {"type": "bitmap", "file": "tcc.compendium:icons/item/minecraft/oak_planks.png", "ascent": 15, "height": 16, "chars": ["\ua064"]}, {"type": "bitmap", "file": "tcc.compendium:icons/item/minecraft/paper.png", "ascent": 15, "height": 16, "chars": ["\ua065"]}, {"type": "bitmap", "file": "tcc.compendium:icons/item/minecraft/phantom_membrane.png", "ascent": 15, "height": 16, "chars": ["\ua066"]}, {"type": "bitmap", "file": "tcc.compendium:icons/item/minecraft/piglin_banner_pattern.png", "ascent": 15, "height": 16, "chars": ["\ua067"]}, {"type": "bitmap", "file": "tcc.compendium:icons/item/minecraft/piglin_head.png", "ascent": 15, "height": 16, "chars": ["\ua068"]}, {"type": "bitmap", "file": "tcc.compendium:icons/item/minecraft/popped_chorus_fruit.png", "ascent": 15, "height": 16, "chars": ["\ua069"]}, {"type": "bitmap", "file": "tcc.compendium:icons/item/minecraft/prismarine.png", "ascent": 15, "height": 16, "chars": ["\ua06a"]}, {"type": "bitmap", "file": "tcc.compendium:icons/item/minecraft/prismarine_bricks.png", "ascent": 15, "height": 16, "chars": ["\ua06b"]}, {"type": "bitmap", "file": "tcc.compendium:icons/item/minecraft/prismarine_crystals.png", "ascent": 15, "height": 16, "chars": ["\ua06c"]}, {"type": "bitmap", "file": "tcc.compendium:icons/item/minecraft/prismarine_shard.png", "ascent": 15, "height": 16, "chars": ["\ua06d"]}, {"type": "bitmap", "file": "tcc.compendium:icons/item/minecraft/purple_dye.png", "ascent": 15, "height": 16, "chars": ["\ua06e"]}, {"type": "bitmap", "file": "tcc.compendium:icons/item/minecraft/purpur_block.png", "ascent": 15, "height": 16, "chars": ["\ua06f"]}, {"type": "bitmap", "file": "tcc.compendium:icons/item/minecraft/recovery_compass.png", "ascent": 15, "height": 16, "chars": ["\ua070"]}, {"type": "bitmap", "file": "tcc.compendium:icons/item/minecraft/red_dye.png", "ascent": 15, "height": 16, "chars": ["\ua071"]}, {"type": "bitmap", "file": "tcc.compendium:icons/item/minecraft/red_mushroom.png", "ascent": 15, "height": 16, "chars": ["\ua072"]}, {"type": "bitmap", "file": "tcc.compendium:icons/item/minecraft/red_mushroom_block.png", "ascent": 15, "height": 16, "chars": ["\ua073"]}, {"type": "bitmap", "file": "tcc.compendium:icons/item/minecraft/redstone.png", "ascent": 15, "height": 16, "chars": ["\ua074"]}, {"type": "bitmap", "file": "tcc.compendium:icons/item/minecraft/resin_brick.png", "ascent": 15, "height": 16, "chars": ["\ua075"]}, {"type": "bitmap", "file": "tcc.compendium:icons/item/minecraft/resin_clump.png", "ascent": 15, "height": 16, "chars": ["\ua076"]}, {"type": "bitmap", "file": "tcc.compendium:icons/item/minecraft/rib_armor_trim_smithing_template.png", "ascent": 15, "height": 16, "chars": ["\ua077"]}, {"type": "bitmap", "file": "tcc.compendium:icons/item/minecraft/rooted_dirt.png", "ascent": 15, "height": 16, "chars": ["\ua078"]}, {"type": "bitmap", "file": "tcc.compendium:icons/item/minecraft/sand.png", "ascent": 15, "height": 16, "chars": ["\ua079"]}, {"type": "bitmap", "file": "tcc.compendium:icons/item/minecraft/sandstone.png", "ascent": 15, "height": 16, "chars": ["\ua07a"]}, {"type": "bitmap", "file": "tcc.compendium:icons/item/minecraft/sculk.png", "ascent": 15, "height": 16, "chars": ["\ua07b"]}, {"type": "bitmap", "file": "tcc.compendium:icons/item/minecraft/sculk_vein.png", "ascent": 15, "height": 16, "chars": ["\ua07c"]}, {"type": "bitmap", "file": "tcc.compendium:icons/item/minecraft/sea_lantern.png", "ascent": 15, "height": 16, "chars": ["\ua07d"]}, {"type": "bitmap", "file": "tcc.compendium:icons/item/minecraft/sentry_armor_trim_smithing_template.png", "ascent": 15, "height": 16, "chars": ["\ua07e"]}, {"type": "bitmap", "file": "tcc.compendium:icons/item/minecraft/shulker_shell.png", "ascent": 15, "height": 16, "chars": ["\ua07f"]}, {"type": "bitmap", "file": "tcc.compendium:icons/item/minecraft/spruce_planks.png", "ascent": 15, "height": 16, "chars": ["\ua080"]}, {"type": "bitmap", "file": "tcc.compendium:icons/item/minecraft/spruce_stairs.png", "ascent": 15, "height": 16, "chars": ["\ua081"]}, {"type": "bitmap", "file": "tcc.compendium:icons/item/minecraft/spruce_trapdoor.png", "ascent": 15, "height": 16, "chars": ["\ua082"]}, {"type": "bitmap", "file": "tcc.compendium:icons/item/minecraft/stick.png", "ascent": 15, "height": 16, "chars": ["\ua083"]}, {"type": "bitmap", "file": "tcc.compendium:icons/item/minecraft/stonecutter.png", "ascent": 15, "height": 16, "chars": ["\ua084"]}, {"type": "bitmap", "file": "tcc.compendium:icons/item/minecraft/string.png", "ascent": 15, "height": 16, "chars": ["\ua085"]}, {"type": "bitmap", "file": "tcc.compendium:icons/item/minecraft/sugar.png", "ascent": 15, "height": 16, "chars": ["\ua086"]}, {"type": "bitmap", "file": "tcc.compendium:icons/item/minecraft/suspicious_stew.png", "ascent": 15, "height": 16, "chars": ["\ua087"]}, {"type": "bitmap", "file": "tcc.compendium:icons/item/minecraft/sweet_berries.png", "ascent": 15, "height": 16, "chars": ["\ua088"]}, {"type": "bitmap", "file": "tcc.compendium:icons/item/minecraft/tall_dry_grass.png", "ascent": 15, "height": 16, "chars": ["\ua089"]}, {"type": "bitmap", "file": "tcc.compendium:icons/item/minecraft/tinted_glass.png", "ascent": 15, "height": 16, "chars": ["\ua08a"]}, {"type": "bitmap", "file": "tcc.compendium:icons/item/minecraft/tnt.png", "ascent": 15, "height": 16, "chars": ["\ua08b"]}, {"type": "bitmap", "file": "tcc.compendium:icons/item/minecraft/torchflower_seeds.png", "ascent": 15, "height": 16, "chars": ["\ua08c"]}, {"type": "bitmap", "file": "tcc.compendium:icons/item/minecraft/totem_of_undying.png", "ascent": 15, "height": 16, "chars": ["\ua08d"]}, {"type": "bitmap", "file": "tcc.compendium:icons/item/minecraft/trident.png", "ascent": 15, "height": 16, "chars": ["\ua08e"]}, {"type": "bitmap", "file": "tcc.compendium:icons/item/minecraft/turtle_helmet.png", "ascent": 15, "height": 16, "chars": ["\ua08f"]}, {"type": "bitmap", "file": "tcc.compendium:icons/item/minecraft/twisting_vines.png", "ascent": 15, "height": 16, "chars": ["\ua090"]}, {"type": "bitmap", "file": "tcc.compendium:icons/item/minecraft/warped_fungus.png", "ascent": 15, "height": 16, "chars": ["\ua091"]}, {"type": "bitmap", "file": "tcc.compendium:icons/item/minecraft/warped_roots.png", "ascent": 15, "height": 16, "chars": ["\ua092"]}, {"type": "bitmap", "file": "tcc.compendium:icons/item/minecraft/wheat.png", "ascent": 15, "height": 16, "chars": ["\ua093"]}, {"type": "bitmap", "file": "tcc.compendium:icons/item/minecraft/white_dye.png", "ascent": 15, "height": 16, "chars": ["\ua094"]}, {"type": "bitmap", "file": "tcc.compendium:icons/item/minecraft/white_glazed_terracotta.png", "ascent": 15, "height": 16, "chars": ["\ua095"]}, {"type": "bitmap", "file": "tcc.compendium:icons/item/minecraft/white_tulip.png", "ascent": 15, "height": 16, "chars": ["\ua096"]}, {"type": "bitmap", "file": "tcc.compendium:icons/item/tcc/amethyst_dust.png", "ascent": 15, "height": 16, "chars": ["\ua097"]}, {"type": "bitmap", "file": "tcc.compendium:icons/item/tcc/apple_pie.png", "ascent": 15, "height": 16, "chars": ["\ua098"]}, {"type": "bitmap", "file": "tcc.compendium:icons/item/tcc/armor_stand_with_arms.png", "ascent": 15, "height": 16, "chars": ["\ua099"]}, {"type": "bitmap", "file": "tcc.compendium:icons/item/tcc/axolotl_bucket/gold.png", "ascent": 15, "height": 16, "chars": ["\ua09a"]}, {"type": "bitmap", "file": "tcc.compendium:icons/item/tcc/bat_wing.png", "ascent": 15, "height": 16, "chars": ["\ua09b"]}, {"type": "bitmap", "file": "tcc.compendium:icons/item/tcc/boomerang.png", "ascent": 15, "height": 16, "chars": ["\ua09c"]}, {"type": "bitmap", "file": "tcc.compendium:icons/item/tcc/cake/one_bite.png", "ascent": 15, "height": 16, "chars": ["\ua09d"]}, {"type": "bitmap", "file": "tcc.compendium:icons/item/tcc/chilling_banner.png", "ascent": 15, "height": 16, "chars": ["\ua09e"]}, {"type": "bitmap", "file": "tcc.compendium:icons/item/tcc/compendium.png", "ascent": 15, "height": 16, "chars": ["\ua09f"]}, {"type": "bitmap", "file": "tcc.compendium:icons/item/tcc/creaking_connector.png", "ascent": 15, "height": 16, "chars": ["\ua0a0"]}, {"type": "bitmap", "file": "tcc.compendium:icons/item/tcc/crescent_banner_pattern.png", "ascent": 15, "height": 16, "chars": ["\ua0a1"]}, {"type": "bitmap", "file": "tcc.compendium:icons/item/tcc/crystalline_armor_trim_smithing_template.png", "ascent": 15, "height": 16, "chars": ["\ua0a2"]}, {"type": "bitmap", "file": "tcc.compendium:icons/item/tcc/cursed_crown.png", "ascent": 15, "height": 16, "chars": ["\ua0a3"]}, {"type": "bitmap", "file": "tcc.compendium:icons/item/tcc/echoing_hourglass.png", "ascent": 15, "height": 16, "chars": ["\ua0a4"]}, {"type": "bitmap", "file": "tcc.compendium:icons/item/tcc/enchanted_golden_carrot.png", "ascent": 15, "height": 16, "chars": ["\ua0a5"]}, {"type": "bitmap", "file": "tcc.compendium:icons/item/tcc/frostbloom.png", "ascent": 15, "height": 16, "chars": ["\ua0a6"]}, {"type": "bitmap", "file": "tcc.compendium:icons/item/tcc/frostbloom_petals.png", "ascent": 15, "height": 16, "chars": ["\ua0a7"]}, {"type": "bitmap", "file": "tcc.compendium:icons/item/tcc/fungal_stew.png", "ascent": 15, "height": 16, "chars": ["\ua0a8"]}, {"type": "bitmap", "file": "tcc.compendium:icons/item/tcc/glazed_terracotta_pot/white.png", "ascent": 15, "height": 16, "chars": ["\ua0a9"]}, {"type": "bitmap", "file": "tcc.compendium:icons/item/tcc/glow_berry_muffin.png", "ascent": 15, "height": 16, "chars": ["\ua0aa"]}, {"type": "bitmap", "file": "tcc.compendium:icons/item/tcc/gobblerift.png", "ascent": 15, "height": 16, "chars": ["\ua0ab"]}, {"type": "bitmap", "file": "tcc.compendium:icons/item/tcc/golden_apple_pie.png", "ascent": 15, "height": 16, "chars": ["\ua0ac"]}, {"type": "bitmap", "file": "tcc.compendium:icons/item/tcc/golden_chorus_fruit.png", "ascent": 15, "height": 16, "chars": ["\ua0ad"]}, {"type": "bitmap", "file": "tcc.compendium:icons/item/tcc/heartbeet.png", "ascent": 15, "height": 16, "chars": ["\ua0ae"]}, {"type": "bitmap", "file": "tcc.compendium:icons/item/tcc/locket_of_learning.png", "ascent": 15, "height": 16, "chars": ["\ua0af"]}, {"type": "bitmap", "file": "tcc.compendium:icons/item/tcc/nether_brick_flower_pot.png", "ascent": 15, "height": 16, "chars": ["\ua0b0"]}, {"type": "bitmap", "file": "tcc.compendium:icons/item/tcc/nether_brick_pot.png", "ascent": 15, "height": 16, "chars": ["\ua0b1"]}, {"type": "bitmap", "file": "tcc.compendium:icons/item/tcc/nether_reactor_core.png", "ascent": 15, "height": 16, "chars": ["\ua0b2"]}, {"type": "bitmap", "file": "tcc.compendium:icons/item/tcc/phantom_item_frame.png", "ascent": 15, "height": 16, "chars": ["\ua0b3"]}, {"type": "bitmap", "file": "tcc.compendium:icons/item/tcc/pottery_sherd/nether_brick/spirit.png", "ascent": 15, "height": 16, "chars": ["\ua0b4"]}, {"type": "bitmap", "file": "tcc.compendium:icons/item/tcc/pottery_sherd/prismarine/shell.png", "ascent": 15, "height": 16, "chars": ["\ua0b5"]}, {"type": "bitmap", "file": "tcc.compendium:icons/item/tcc/pottery_sherd/resin_brick/stare.png", "ascent": 15, "height": 16, "chars": ["\ua0b6"]}, {"type": "bitmap", "file": "tcc.compendium:icons/item/tcc/pottery_table.png", "ascent": 15, "height": 16, "chars": ["\ua0b7"]}, {"type": "bitmap", "file": "tcc.compendium:icons/item/tcc/prismarine_flower_pot.png", "ascent": 15, "height": 16, "chars": ["\ua0b8"]}, {"type": "bitmap", "file": "tcc.compendium:icons/item/tcc/prismarine_pot.png", "ascent": 15, "height": 16, "chars": ["\ua0b9"]}, {"type": "bitmap", "file": "tcc.compendium:icons/item/tcc/reactive_seeker.png", "ascent": 15, "height": 16, "chars": ["\ua0ba"]}, {"type": "bitmap", "file": "tcc.compendium:icons/item/tcc/resin_brick_flower_pot.png", "ascent": 15, "height": 16, "chars": ["\ua0bb"]}, {"type": "bitmap", "file": "tcc.compendium:icons/item/tcc/resin_brick_pot.png", "ascent": 15, "height": 16, "chars": ["\ua0bc"]}, {"type": "bitmap", "file": "tcc.compendium:icons/item/tcc/resin_candy.png", "ascent": 15, "height": 16, "chars": ["\ua0bd"]}, {"type": "bitmap", "file": "tcc.compendium:icons/item/tcc/resin_candy/dormant.png", "ascent": 15, "height": 16, "chars": ["\ua0be"]}, {"type": "bitmap", "file": "tcc.compendium:icons/item/tcc/riftjuice_bottle.png", "ascent": 15, "height": 16, "chars": ["\ua0bf"]}, {"type": "bitmap", "file": "tcc.compendium:icons/item/tcc/rotten_porkchop.png", "ascent": 15, "height": 16, "chars": ["\ua0c0"]}, {"type": "bitmap", "file": "tcc.compendium:icons/item/tcc/scalesprouts.png", "ascent": 15, "height": 16, "chars": ["\ua0c1"]}, {"type": "bitmap", "file": "tcc.compendium:icons/item/tcc/sightless_eye.png", "ascent": 15, "height": 16, "chars": ["\ua0c2"]}, {"type": "bitmap", "file": "tcc.compendium:icons/item/tcc/smoldering_seeker.png", "ascent": 15, "height": 16, "chars": ["\ua0c3"]}, {"type": "bitmap", "file": "tcc.compendium:icons/item/tcc/snail_bucket/brown.png", "ascent": 15, "height": 16, "chars": ["\ua0c4"]}, {"type": "bitmap", "file": "tcc.compendium:icons/item/tcc/soul_conductor.png", "ascent": 15, "height": 16, "chars": ["\ua0c5"]}, {"type": "bitmap", "file": "tcc.compendium:icons/item/tcc/soul_seer.png", "ascent": 15, "height": 16, "chars": ["\ua0c6"]}, {"type": "bitmap", "file": "tcc.compendium:icons/item/tcc/sprouter_egg.png", "ascent": 15, "height": 16, "chars": ["\ua0c7"]}, {"type": "bitmap", "file": "tcc.compendium:icons/item/tcc/sweet_berry_muffin.png", "ascent": 15, "height": 16, "chars": ["\ua0c8"]}, {"type": "bitmap", "file": "tcc.compendium:icons/item/tcc/swordfish.png", "ascent": 15, "height": 16, "chars": ["\ua0c9"]}, {"type": "bitmap", "file": "tcc.compendium:icons/item/tcc/tangling_pearl.png", "ascent": 15, "height": 16, "chars": ["\ua0ca"]}, {"type": "bitmap", "file": "tcc.compendium:icons/item/tcc/tangling_pearl/on.png", "ascent": 15, "height": 16, "chars": ["\ua0cb"]}, {"type": "bitmap", "file": "tcc.compendium:icons/item/tcc/unlit_campfire.png", "ascent": 15, "height": 16, "chars": ["\ua0cc"]}, {"type": "bitmap", "file": "tcc.compendium:icons/item/tcc/weeping_eye.png", "ascent": 15, "height": 16, "chars": ["\ua0cd"]}, {"type": "bitmap", "file": "tcc.compendium:icons/item/tcc/witch_hat.png", "ascent": 15, "height": 16, "chars": ["\ua0ce"]}, {"type": "bitmap", "file": "tcc.compendium:icons/item/tcc/wrench.png", "ascent": 15, "height": 16, "chars": ["\ua0cf"]}]}