{
  "providers": [
    {
      "type": "bitmap",
      "file": "tcc.compendium:background/content.png",
      "ascent": 36,
      "height": 180,
      "chars": [
        "\u1000"
      ]
    },
    {
      "type": "space",
      "advances": {
        "\u1001": -147
      }
    },
    {
      "type": "bitmap",
      "file": "tcc.compendium:background/edge.png",
      "ascent": 36,
      "height": 180,
      "chars": [
        "\u1002"
      ]
    },
    {
      "type": "bitmap",
      "file": "tcc.compendium:background/left_arrow.png",
      "ascent": -122,
      "height": 10,
      "chars": [
        "\u1003"
      ]
    },
    {
      "type": "bitmap",
      "file": "tcc.compendium:background/right_arrow.png",
      "ascent": -122,
      "height": 10,
      "chars": [
        "\u1004"
      ]
    },
    {
      "type": "space",
      "advances": {
        "\u1005": -118, 
        "\u1006": -45,
        "\u1007": -17,
        "\u1008": 9,
        "\u1009": 54,
        "\u100a": 82
      }
    },
    {
      "type": "space",
      "advances": {
        "\u100b": 7
      }
    },
    {
      "type": "bitmap",
      "file": "tcc.compendium:arrows/button.png",
      "ascent": 12,
      "height": 12,
      "chars": [
        "\u100c"
      ]
    },
    {
      "type": "bitmap",
      "file": "tcc.compendium:arrows/spacer_full.png",
      "ascent": 9,
      "height": 9,
      "chars": [
        "\u100d"
      ]
    },
    {
      "type": "bitmap",
      "file": "tcc.compendium:arrows/spacer_half_unlock.png",
      "ascent": 9,
      "height": 9,
      "chars": [
        "\u100e"
      ]
    },
    {
      "type": "bitmap",
      "file": "tcc.compendium:arrows/cover_unlock.png",
      "ascent": 9,
      "height": 9,
      "chars": [
        "\u100f"
      ]
    },
    {
      "type": "bitmap",
      "file": "tcc.compendium:arrows/spacer_half_lock.png",
      "ascent": 9,
      "height": 9,
      "chars": [
        "\u1010"
      ]
    },
    {
      "type": "bitmap",
      "file": "tcc.compendium:arrows/cover_lock.png",
      "ascent": 9,
      "height": 9,
      "chars": [
        "\u1011"
      ]
    },
    {
      "type": "bitmap",
      "file": "tcc.compendium:index/frame.png",
      "ascent": -10,
      "height": 110,
      "chars": [
        "\ua000"
      ]
    },
    {
      "type": "space",
      "advances": {
        "\ua001": 4,
        "\ua002": 18,
        "\ua003": -82
      }
    },
    {
      "type": "bitmap",
      "file": "tcc.compendium:index/headers/items.png",
      "ascent": 21,
      "height": 21,
      "chars": [
        "\ua004"
      ]
    },
    {
      "type": "bitmap",
      "file": "tcc.compendium:index/headers/blocks.png",
      "ascent": 21,
      "height": 21,
      "chars": [
        "\ua005"
      ]
    },
    {
      "type": "bitmap",
      "file": "tcc.compendium:index/headers/entities.png",
      "ascent": 21,
      "height": 21,
      "chars": [
        "\ua006"
      ]
    },
    {
      "type": "bitmap",
      "file": "tcc.compendium:index/headers/worldgen.png",
      "ascent": 21,
      "height": 21,
      "chars": [
        "\ua007"
      ]
    },
    {
      "type": "bitmap",
      "file": "tcc.compendium:index/headers/crafting.png",
      "ascent": 21,
      "height": 21,
      "chars": [
        "\ua008"
      ]
    },
    {
      "type": "bitmap",
      "file": "tcc.compendium:index/headers/other.png",
      "ascent": 21,
      "height": 21,
      "chars": [
        "\ua009"
      ]
    },
    {
      "type": "bitmap",
      "file": "tcc.compendium:index/tabs/items.png",
      "ascent": 8,
      "height": 9,
      "chars": [
        "\ua00a"
      ]
    },
    {
      "type": "bitmap",
      "file": "tcc.compendium:index/tabs/items_active.png",
      "ascent": 9,
      "height": 11,
      "chars": [
        "\ua00b"
      ]
    },
    {
      "type": "bitmap",
      "file": "tcc.compendium:index/tabs/blocks.png",
      "ascent": 8,
      "height": 9,
      "chars": [
        "\ua00c"
      ]
    },
    {
      "type": "bitmap",
      "file": "tcc.compendium:index/tabs/blocks_active.png",
      "ascent": 9,
      "height": 11,
      "chars": [
        "\ua00d"
      ]
    },
    {
      "type": "bitmap",
      "file": "tcc.compendium:index/tabs/entities.png",
      "ascent": 8,
      "height": 9,
      "chars": [
        "\ua00e"
      ]
    },
    {
      "type": "bitmap",
      "file": "tcc.compendium:index/tabs/entities_active.png",
      "ascent": 9,
      "height": 11,
      "chars": [
        "\ua00f"
      ]
    },
    {
      "type": "bitmap",
      "file": "tcc.compendium:index/tabs/worldgen.png",
      "ascent": 8,
      "height": 9,
      "chars": [
        "\ua010"
      ]
    },
    {
      "type": "bitmap",
      "file": "tcc.compendium:index/tabs/worldgen_active.png",
      "ascent": 9,
      "height": 11,
      "chars": [
        "\ua011"
      ]
    },
    {
      "type": "bitmap",
      "file": "tcc.compendium:index/tabs/crafting.png",
      "ascent": 8,
      "height": 9,
      "chars": [
        "\ua012"
      ]
    },
    {
      "type": "bitmap",
      "file": "tcc.compendium:index/tabs/crafting_active.png",
      "ascent": 9,
      "height": 11,
      "chars": [
        "\ua013"
      ]
    },
    {
      "type": "bitmap",
      "file": "tcc.compendium:index/tabs/other.png",
      "ascent": 8,
      "height": 9,
      "chars": [
        "\ua014"
      ]
    },
    {
      "type": "bitmap",
      "file": "tcc.compendium:index/tabs/other_active.png",
      "ascent": 9,
      "height": 11,
      "chars": [
        "\ua015"
      ]
    },
    {
      "type": "bitmap",
      "file": "tcc.compendium:entry_icon_frame.png",
      "ascent": 20,
      "height": 26,
      "chars": [
        "\ua016"
      ]
    },
    {
      "type": "space",
      "advances": {
        "\ua017": 60,
        "\ua018": -22,
        "\ua019": 6,
        "\ua020": 28,
        "\ua021": -6,
        "\ua022": -1
      }
    },
    {
      "type": "bitmap",
      "file": "tcc.compendium:recipe/frame.png",
      "ascent": 3,
      "height": 64,
      "chars": [
        "\ua023"
      ]
    },
    {
      "type": "bitmap",
      "file": "tcc.compendium:cover_title.png",
      "ascent": 10,
      "height": 25,
      "chars": [
        "\ua024"
      ]
    },
    {
      "type": "space",
      "advances": {
        "\ua025": 34
      }
    },
    {
      "type": "space",
      "advances": {
        " ": 1
      }
    },
    {
      "type": "bitmap",
      "file": "tcc.compendium:recipe/output_count_numbers.png",
      "ascent": 6,
      "height": 8,
      "chars": [
        "0123456789"
      ]
    },
    {
      "type": "space",
      "advances": {
        "\ua028": -10,
        "\ua029": -5,
        "\ua040": 10,
        "\ua041": 5,
        "\ua0a0": -30,
        "\ua0a1": -153
      }
    },
    {
      "type": "bitmap",
      "file": "minecraft:gui/sprites/toast/advancement.png",
      "ascent": 25,
      "height": 32,
      "chars": [
        "abcdefghijklmnopqrst"
      ]
    },
    {
      "type": "bitmap",
      "file": "tcc.compendium:toast.png",
      "ascent": 25,
      "height": 32,
      "chars": [
        "\ua0a2"
      ]
    },
    {
      "type": "bitmap",
      "file": "tcc.compendium:toast_system.png",
      "ascent": 25,
      "height": 32,
      "chars": [
        "\ua0a3"
      ]
    },
    {
      "type": "bitmap",
      "file": "tcc:item/compendium.png",
      "ascent": 8,
      "height": 8,
      "chars": [
        "\ua0a4"
      ]
    },
    {
      "type": "space",
      "advances": {
        "\ub000": -35,
        "\ub001": -31
      }
    },
    {
      "type": "bitmap",
      "file": "tcc.compendium:index/unlock.png",
      "ascent": -125,
      "height": 9,
      "chars": [
        "\ub002"
      ]
    },
    {
      "type": "bitmap",
      "file": "tcc.compendium:index/lock.png",
      "ascent": -125,
      "height": 9,
      "chars": [
        "\ub003"
      ]
    }
  ]
}
