{
	"texture_size": [48, 48],
	"textures": {
		"1": "tcc:item/witch_hat/head",
    "particle": "tcc:item/witch_hat/head"
	},
	"elements": [
		{
			"name": "Part1",
			"from": [3, 0, 3],
			"to": [13, 2, 13],
			"rotation": {"angle": 0, "axis": "y", "origin": [7.5, 8, 7.5]},
			"faces": {
				"north": {"uv": [3.33333, 3.33333, 6.66667, 4], "texture": "#1"},
				"east": {"uv": [0, 3.33333, 3.33333, 4], "texture": "#1"},
				"south": {"uv": [10, 3.33333, 13.33333, 4], "texture": "#1"},
				"west": {"uv": [6.66667, 3.33333, 10, 4], "texture": "#1"},
				"up": {"uv": [6.66667, 3.33333, 3.33333, 0], "texture": "#1"},
				"down": {"uv": [10, 0, 6.66667, 3.33333], "texture": "#1"}
			}
		},
		{
			"name": "Part2",
			"from": [4.5, 2, 4.5],
			"to": [11.5, 6, 11.5],
			"rotation": {"angle": 0, "axis": "y", "origin": [7.5, 8, 7.5]},
			"faces": {
				"north": {"uv": [2.33333, 6.33333, 4.66667, 7.66667], "texture": "#1"},
				"east": {"uv": [0, 6.33333, 2.33333, 7.66667], "texture": "#1"},
				"south": {"uv": [7, 6.33333, 9.33333, 7.66667], "texture": "#1"},
				"west": {"uv": [4.66667, 6.33333, 7, 7.66667], "texture": "#1"},
				"up": {"uv": [4.66667, 6.33333, 2.33333, 4], "texture": "#1"},
				"down": {"uv": [7, 4, 4.66667, 6.33333], "texture": "#1"}
			}
		},
		{
			"name": "Dyeable",
			"from": [5.5, 2, 4.499],
			"to": [10.5, 6, 4.499],
			"rotation": {"angle": 0, "axis": "y", "origin": [7.5, 8, 7.5]},
			"faces": {
				"north": {"uv": [9.33333, 6.33333, 11, 7.66667], "texture": "#1", "tintindex": 0}
			}
		},
		{
			"name": "Part3",
			"from": [6, 6, 6],
			"to": [10, 10, 10],
			"rotation": {"angle": 0, "axis": "y", "origin": [7.5, 8, 7.5]},
			"faces": {
				"north": {"uv": [1.33333, 9, 2.66667, 10.33333], "texture": "#1"},
				"east": {"uv": [0, 9, 1.33333, 10.33333], "texture": "#1"},
				"south": {"uv": [4, 9, 5.33333, 10.33333], "texture": "#1"},
				"west": {"uv": [2.66667, 9, 4, 10.33333], "texture": "#1"},
				"up": {"uv": [2.66667, 9, 1.33333, 7.66667], "texture": "#1"},
				"down": {"uv": [4, 7.66667, 2.66667, 9], "texture": "#1"}
			}
		},
		{
			"name": "Tip",
			"from": [7.5, 9.5, 7.5],
			"to": [8.5, 11.5, 8.5],
			"rotation": {"angle": 22.5, "axis": "x", "origin": [7.5, 9.5, 8.5]},
			"faces": {
				"north": {"uv": [0.33333, 10.66667, 0.66667, 11.33333], "texture": "#1"},
				"east": {"uv": [0, 10.66667, 0.33333, 11.33333], "texture": "#1"},
				"south": {"uv": [1, 10.66667, 1.33333, 11.33333], "texture": "#1"},
				"west": {"uv": [0.66667, 10.66667, 1, 11.33333], "texture": "#1"},
				"up": {"uv": [0.66667, 10.66667, 0.33333, 10.33333], "texture": "#1"},
				"down": {"uv": [1, 10.33333, 0.66667, 10.66667], "texture": "#1"}
			}
		}
	],
	"display": {
		"thirdperson_righthand": {
			"rotation": [75, -225, 0],
			"translation": [1, 5, 5],
			"scale": [0.8, 0.8, 0.8]
		},
		"thirdperson_lefthand": {
			"rotation": [75, -225, 0],
			"translation": [1, 5, 5],
			"scale": [0.8, 0.8, 0.8]
		},
		"firstperson_righthand": {
			"rotation": [0, -225, 0],
			"translation": [0, 4, 0],
			"scale": [0.8, 0.8, 0.8]
		},
		"firstperson_lefthand": {
			"rotation": [0, -225, 0],
			"translation": [0, 4, 0],
			"scale": [0.8, 0.8, 0.8]
		},
		"ground": {
			"translation": [0, 5, 0],
			"scale": [0.5, 0.5, 0.5]
		},
		"gui": {
			"rotation": [30, 225, 0],
			"translation": [0, 2.5, 0],
			"scale": [0.825, 0.825, 0.825]
		},
		"head": {
			"translation": [0, 18.5, 0],
			"scale": [1.8, 1.8, 1.8]
		},
		"fixed": {
			"translation": [0, 4, -2],
			"scale": [1.2, 1.2, 1.2]
		}
	}
}