{
  "textures": {
    "0": "tcc:item/cursed_crown/head",
    "particle": "tcc:item/cursed_crown/head"
  },
  "elements": [{
      "from": [3.5, 0, 3.5],
      "to": [12.5, 3, 3.5],
      "shade": false,
      "faces": {
        "north": { "uv": [0, 0, 9, 3], "texture": "#0" },
        "east": { "uv": [0, 0, 9, 3], "texture": "#0" },
        "south": { "uv": [0, 0, 9, 3], "texture": "#0" },
        "west": { "uv": [0, 0, 9, 3], "texture": "#0" }
      }
    },
    {
      "from": [3.5, 0, 12.5],
      "to": [12.5, 3, 12.5],
      "shade": false,
      "faces": {
        "north": { "uv": [0, 0, 9, 3], "texture": "#0" },
        "east": { "uv": [0, 0, 9, 3], "texture": "#0" },
        "south": { "uv": [0, 0, 9, 3], "texture": "#0" },
        "west": { "uv": [0, 0, 9, 3], "texture": "#0" }
      }
    },
    {
      "from": [3.5, 0, 3.5],
      "to": [3.5, 3, 12.5],
      "shade": false,
      "faces": {
        "north": { "uv": [0, 0, 9, 3], "texture": "#0" },
        "east": { "uv": [0, 0, 9, 3], "texture": "#0" },
        "south": { "uv": [0, 0, 9, 3], "texture": "#0" },
        "west": { "uv": [0, 0, 9, 3], "texture": "#0" }
      }
    },
    {
      "from": [12.5, 0, 3.5],
      "to": [12.5, 3, 12.5],
      "shade": false,
      "faces": {
        "north": { "uv": [0, 0, 9, 3], "texture": "#0" },
        "east": { "uv": [0, 0, 9, 3], "texture": "#0" },
        "south": { "uv": [0, 0, 9, 3], "texture": "#0" },
        "west": { "uv": [0, 0, 9, 3], "texture": "#0" }
      }
    }
  ],
  "gui_light": "front",
  "display": {
    "thirdperson_righthand": {
      "rotation": [75, 225, 0],
      "translation": [0.25, 5, 5],
      "scale": [0.8, 0.8, 0.8]
    },
    "thirdperson_lefthand": {
      "rotation": [75, 225, 0],
      "translation": [0.25, 5, 5],
      "scale": [0.8, 0.8, 0.8]
    },
    "firstperson_righthand": {
      "rotation": [0, 225, 0],
      "translation": [0, 7, 0],
      "scale": [0.8, 0.8, 0.8]
    },
    "firstperson_lefthand": {
      "rotation": [0, 225, 0],
      "translation": [0, 7, 0],
      "scale": [0.8, 0.8, 0.8]
    },
    "ground": {
      "translation": [0, 5, 0],
      "scale": [0.5, 0.5, 0.5]
    },
    "gui": {
      "rotation": [30, 225, 0],
      "translation": [0, 5, 0],
      "scale": [0.95, 0.95, 0.95]
    },
    "head": {
      "translation": [0, 16, 0],
      "scale": [1.7, 1.7, 1.7]
    },
    "fixed": {
      "rotation": [0, 180, 0],
      "translation": [0, 4, 0],
      "scale": [1.2, 1.2, 1.2]
    }
  }
}
