{
  "parent": "minecraft:item/handheld",
  "textures": {
    "layer0": "tcc:item/saplink/sonic_screwdriver"
  },
  "display": {
    "thirdperson_righthand": {
      "rotation": [ 0, 90, 45 ],
      "translation": [ 0, 0, 1.3 ],
      "scale": [ 0.6, 0.6, 0.6 ]
    },
    "thirdperson_lefthand": {
      "rotation": [ 0, -90, -45 ],
      "translation": [ 0, 0, 1.3 ],
      "scale": [ 0.6, 0.6, 0.6 ]
    },
    "firstperson_righthand": {
      "rotation": [ 0, 90, 25 ],
      "translation": [ 0, 0.5, 0.8 ],
      "scale": [ 0.68, 0.68, 0.68 ]
    },
    "firstperson_lefthand": {
      "rotation": [ 0, -90, -25 ],
      "translation": [ 0, 0.5, 0.8 ],
      "scale": [ 0.68, 0.68, 0.68 ]
    }
  }
}