{"providers": [{"type": "bitmap", "file": "tcc.compendium:icons/silhouettes/index/ancient_city_archaeology.png", "ascent": 15, "height": 16, "chars": ["\ua000"]}, {"type": "bitmap", "file": "tcc.compendium:icons/silhouettes/index/archaeologist.png", "ascent": 15, "height": 16, "chars": ["\ua001"]}, {"type": "bitmap", "file": "tcc.compendium:icons/silhouettes/index/badlands_temple.png", "ascent": 15, "height": 16, "chars": ["\ua002"]}, {"type": "bitmap", "file": "tcc.compendium:icons/silhouettes/index/blind_rage_potion.png", "ascent": 15, "height": 16, "chars": ["\ua003"]}, {"type": "bitmap", "file": "tcc.compendium:icons/silhouettes/index/cat_improvements.png", "ascent": 15, "height": 16, "chars": ["\ua004"]}, {"type": "bitmap", "file": "tcc.compendium:icons/silhouettes/index/climbable_chains.png", "ascent": 15, "height": 16, "chars": ["\ua005"]}, {"type": "bitmap", "file": "tcc.compendium:icons/silhouettes/index/crashed_end_ship.png", "ascent": 15, "height": 16, "chars": ["\ua006"]}, {"type": "bitmap", "file": "tcc.compendium:icons/silhouettes/index/diluted_potions.png", "ascent": 15, "height": 16, "chars": ["\ua007"]}, {"type": "bitmap", "file": "tcc.compendium:icons/silhouettes/index/drowned_variants.png", "ascent": 15, "height": 16, "chars": ["\ua008"]}, {"type": "bitmap", "file": "tcc.compendium:icons/silhouettes/index/dyed_compasses.png", "ascent": 15, "height": 16, "chars": ["\ua009"]}, {"type": "bitmap", "file": "tcc.compendium:icons/silhouettes/index/dyed_written_books.png", "ascent": 15, "height": 16, "chars": ["\ua00a"]}, {"type": "bitmap", "file": "tcc.compendium:icons/silhouettes/index/elder_guardian_improvements.png", "ascent": 15, "height": 16, "chars": ["\ua00b"]}, {"type": "bitmap", "file": "tcc.compendium:icons/silhouettes/index/enchanter.png", "ascent": 15, "height": 16, "chars": ["\ua00c"]}, {"type": "bitmap", "file": "tcc.compendium:icons/silhouettes/index/fishing_treasure_particles.png", "ascent": 15, "height": 16, "chars": ["\ua00d"]}, {"type": "bitmap", "file": "tcc.compendium:icons/silhouettes/index/fortitude_potion.png", "ascent": 15, "height": 16, "chars": ["\ua00e"]}, {"type": "bitmap", "file": "tcc.compendium:icons/silhouettes/index/geomancer.png", "ascent": 15, "height": 16, "chars": ["\ua00f"]}, {"type": "bitmap", "file": "tcc.compendium:icons/silhouettes/index/glow_lichen_zombie.png", "ascent": 15, "height": 16, "chars": ["\ua010"]}, {"type": "bitmap", "file": "tcc.compendium:icons/silhouettes/index/hoglin_improvements.png", "ascent": 15, "height": 16, "chars": ["\ua011"]}, {"type": "bitmap", "file": "tcc.compendium:icons/silhouettes/index/iceologer.png", "ascent": 15, "height": 16, "chars": ["\ua012"]}, {"type": "bitmap", "file": "tcc.compendium:icons/silhouettes/index/jungle_temple_rework.png", "ascent": 15, "height": 16, "chars": ["\ua013"]}, {"type": "bitmap", "file": "tcc.compendium:icons/silhouettes/index/more_flower_pots.png", "ascent": 15, "height": 16, "chars": ["\ua014"]}, {"type": "bitmap", "file": "tcc.compendium:icons/silhouettes/index/ocean_monument_rework.png", "ascent": 15, "height": 16, "chars": ["\ua015"]}, {"type": "bitmap", "file": "tcc.compendium:icons/silhouettes/index/pig_improvements.png", "ascent": 15, "height": 16, "chars": ["\ua016"]}, {"type": "bitmap", "file": "tcc.compendium:icons/silhouettes/index/piglin_bartering_archaeology.png", "ascent": 15, "height": 16, "chars": ["\ua017"]}, {"type": "bitmap", "file": "tcc.compendium:icons/silhouettes/index/quarry_remnant.png", "ascent": 15, "height": 16, "chars": ["\ua018"]}, {"type": "bitmap", "file": "tcc.compendium:icons/silhouettes/index/refuge_remains.png", "ascent": 15, "height": 16, "chars": ["\ua019"]}, {"type": "bitmap", "file": "tcc.compendium:icons/silhouettes/index/tundra_keep.png", "ascent": 15, "height": 16, "chars": ["\ua01a"]}, {"type": "bitmap", "file": "tcc.compendium:icons/silhouettes/index/village_cherry_grove.png", "ascent": 15, "height": 16, "chars": ["\ua01b"]}, {"type": "bitmap", "file": "tcc.compendium:icons/silhouettes/index/village_mangrove_swamp.png", "ascent": 15, "height": 16, "chars": ["\ua01c"]}, {"type": "bitmap", "file": "tcc.compendium:icons/silhouettes/index/village_sparse_jungle.png", "ascent": 15, "height": 16, "chars": ["\ua01d"]}, {"type": "bitmap", "file": "tcc.compendium:icons/silhouettes/index/wandering_trader_rework.png", "ascent": 15, "height": 16, "chars": ["\ua01e"]}, {"type": "bitmap", "file": "tcc.compendium:icons/silhouettes/index/wandering_witch.png", "ascent": 15, "height": 16, "chars": ["\ua01f"]}, {"type": "bitmap", "file": "tcc.compendium:icons/silhouettes/index/woodland_mansion_rework.png", "ascent": 15, "height": 16, "chars": ["\ua020"]}, {"type": "bitmap", "file": "tcc.compendium:icons/silhouettes/item/minecraft/blackstone.png", "ascent": 15, "height": 16, "chars": ["\ua021"]}, {"type": "bitmap", "file": "tcc.compendium:icons/silhouettes/item/minecraft/chain.png", "ascent": 15, "height": 16, "chars": ["\ua022"]}, {"type": "bitmap", "file": "tcc.compendium:icons/silhouettes/item/minecraft/cracked_deepslate_tiles.png", "ascent": 15, "height": 16, "chars": ["\ua023"]}, {"type": "bitmap", "file": "tcc.compendium:icons/silhouettes/item/minecraft/dead_bush.png", "ascent": 15, "height": 16, "chars": ["\ua024"]}, {"type": "bitmap", "file": "tcc.compendium:icons/silhouettes/item/minecraft/diamond_horse_armor.png", "ascent": 15, "height": 16, "chars": ["\ua025"]}, {"type": "bitmap", "file": "tcc.compendium:icons/silhouettes/item/minecraft/dragon_head.png", "ascent": 15, "height": 16, "chars": ["\ua026"]}, {"type": "bitmap", "file": "tcc.compendium:icons/silhouettes/item/minecraft/echo_shard.png", "ascent": 15, "height": 16, "chars": ["\ua027"]}, {"type": "bitmap", "file": "tcc.compendium:icons/silhouettes/item/minecraft/emerald.png", "ascent": 15, "height": 16, "chars": ["\ua028"]}, {"type": "bitmap", "file": "tcc.compendium:icons/silhouettes/item/minecraft/emerald_ore.png", "ascent": 15, "height": 16, "chars": ["\ua029"]}, {"type": "bitmap", "file": "tcc.compendium:icons/silhouettes/item/minecraft/enchanted_book.png", "ascent": 15, "height": 16, "chars": ["\ua02a"]}, {"type": "bitmap", "file": "tcc.compendium:icons/silhouettes/item/minecraft/exposed_copper_bulb.png", "ascent": 15, "height": 16, "chars": ["\ua02b"]}, {"type": "bitmap", "file": "tcc.compendium:icons/silhouettes/item/minecraft/fire_coral_block.png", "ascent": 15, "height": 16, "chars": ["\ua02c"]}, {"type": "bitmap", "file": "tcc.compendium:icons/silhouettes/item/minecraft/fishing_rod.png", "ascent": 15, "height": 16, "chars": ["\ua02d"]}, {"type": "bitmap", "file": "tcc.compendium:icons/silhouettes/item/minecraft/flower_pot.png", "ascent": 15, "height": 16, "chars": ["\ua02e"]}, {"type": "bitmap", "file": "tcc.compendium:icons/silhouettes/item/minecraft/gilded_blackstone.png", "ascent": 15, "height": 16, "chars": ["\ua02f"]}, {"type": "bitmap", "file": "tcc.compendium:icons/silhouettes/item/minecraft/green_glazed_terracotta.png", "ascent": 15, "height": 16, "chars": ["\ua030"]}, {"type": "bitmap", "file": "tcc.compendium:icons/silhouettes/item/minecraft/hay_block.png", "ascent": 15, "height": 16, "chars": ["\ua031"]}, {"type": "bitmap", "file": "tcc.compendium:icons/silhouettes/item/minecraft/iron_nugget.png", "ascent": 15, "height": 16, "chars": ["\ua032"]}, {"type": "bitmap", "file": "tcc.compendium:icons/silhouettes/item/minecraft/iron_pickaxe.png", "ascent": 15, "height": 16, "chars": ["\ua033"]}, {"type": "bitmap", "file": "tcc.compendium:icons/silhouettes/item/minecraft/loom.png", "ascent": 15, "height": 16, "chars": ["\ua034"]}, {"type": "bitmap", "file": "tcc.compendium:icons/silhouettes/item/minecraft/mace.png", "ascent": 15, "height": 16, "chars": ["\ua035"]}, {"type": "bitmap", "file": "tcc.compendium:icons/silhouettes/item/minecraft/magenta_dye.png", "ascent": 15, "height": 16, "chars": ["\ua036"]}, {"type": "bitmap", "file": "tcc.compendium:icons/silhouettes/item/minecraft/mangrove_roots.png", "ascent": 15, "height": 16, "chars": ["\ua037"]}, {"type": "bitmap", "file": "tcc.compendium:icons/silhouettes/item/minecraft/mossy_cobblestone.png", "ascent": 15, "height": 16, "chars": ["\ua038"]}, {"type": "bitmap", "file": "tcc.compendium:icons/silhouettes/item/minecraft/mossy_cobblestone_stairs.png", "ascent": 15, "height": 16, "chars": ["\ua039"]}, {"type": "bitmap", "file": "tcc.compendium:icons/silhouettes/item/minecraft/music_disc_pigstep.png", "ascent": 15, "height": 16, "chars": ["\ua03a"]}, {"type": "bitmap", "file": "tcc.compendium:icons/silhouettes/item/minecraft/note_block.png", "ascent": 15, "height": 16, "chars": ["\ua03b"]}, {"type": "bitmap", "file": "tcc.compendium:icons/silhouettes/item/minecraft/piglin_banner_pattern.png", "ascent": 15, "height": 16, "chars": ["\ua03c"]}, {"type": "bitmap", "file": "tcc.compendium:icons/silhouettes/item/minecraft/prismarine_bricks.png", "ascent": 15, "height": 16, "chars": ["\ua03d"]}, {"type": "bitmap", "file": "tcc.compendium:icons/silhouettes/item/minecraft/purpur_block.png", "ascent": 15, "height": 16, "chars": ["\ua03e"]}, {"type": "bitmap", "file": "tcc.compendium:icons/silhouettes/item/minecraft/recovery_compass.png", "ascent": 15, "height": 16, "chars": ["\ua03f"]}, {"type": "bitmap", "file": "tcc.compendium:icons/silhouettes/item/minecraft/rib_armor_trim_smithing_template.png", "ascent": 15, "height": 16, "chars": ["\ua040"]}, {"type": "bitmap", "file": "tcc.compendium:icons/silhouettes/item/minecraft/rooted_dirt.png", "ascent": 15, "height": 16, "chars": ["\ua041"]}, {"type": "bitmap", "file": "tcc.compendium:icons/silhouettes/item/minecraft/sandstone.png", "ascent": 15, "height": 16, "chars": ["\ua042"]}, {"type": "bitmap", "file": "tcc.compendium:icons/silhouettes/item/minecraft/sculk.png", "ascent": 15, "height": 16, "chars": ["\ua043"]}, {"type": "bitmap", "file": "tcc.compendium:icons/silhouettes/item/minecraft/sentry_armor_trim_smithing_template.png", "ascent": 15, "height": 16, "chars": ["\ua044"]}, {"type": "bitmap", "file": "tcc.compendium:icons/silhouettes/item/minecraft/shulker_shell.png", "ascent": 15, "height": 16, "chars": ["\ua045"]}, {"type": "bitmap", "file": "tcc.compendium:icons/silhouettes/item/minecraft/spruce_stairs.png", "ascent": 15, "height": 16, "chars": ["\ua046"]}, {"type": "bitmap", "file": "tcc.compendium:icons/silhouettes/item/minecraft/spruce_trapdoor.png", "ascent": 15, "height": 16, "chars": ["\ua047"]}, {"type": "bitmap", "file": "tcc.compendium:icons/silhouettes/item/minecraft/stonecutter.png", "ascent": 15, "height": 16, "chars": ["\ua048"]}, {"type": "bitmap", "file": "tcc.compendium:icons/silhouettes/item/minecraft/suspicious_stew.png", "ascent": 15, "height": 16, "chars": ["\ua049"]}, {"type": "bitmap", "file": "tcc.compendium:icons/silhouettes/item/minecraft/tall_dry_grass.png", "ascent": 15, "height": 16, "chars": ["\ua04a"]}, {"type": "bitmap", "file": "tcc.compendium:icons/silhouettes/item/minecraft/torchflower_seeds.png", "ascent": 15, "height": 16, "chars": ["\ua04b"]}, {"type": "bitmap", "file": "tcc.compendium:icons/silhouettes/item/minecraft/totem_of_undying.png", "ascent": 15, "height": 16, "chars": ["\ua04c"]}, {"type": "bitmap", "file": "tcc.compendium:icons/silhouettes/item/minecraft/trident.png", "ascent": 15, "height": 16, "chars": ["\ua04d"]}, {"type": "bitmap", "file": "tcc.compendium:icons/silhouettes/item/minecraft/turtle_helmet.png", "ascent": 15, "height": 16, "chars": ["\ua04e"]}, {"type": "bitmap", "file": "tcc.compendium:icons/silhouettes/item/tcc/amethyst_dust.png", "ascent": 15, "height": 16, "chars": ["\ua04f"]}, {"type": "bitmap", "file": "tcc.compendium:icons/silhouettes/item/tcc/apple_pie.png", "ascent": 15, "height": 16, "chars": ["\ua050"]}, {"type": "bitmap", "file": "tcc.compendium:icons/silhouettes/item/tcc/armor_stand_with_arms.png", "ascent": 15, "height": 16, "chars": ["\ua051"]}, {"type": "bitmap", "file": "tcc.compendium:icons/silhouettes/item/tcc/axolotl_bucket/gold.png", "ascent": 15, "height": 16, "chars": ["\ua052"]}, {"type": "bitmap", "file": "tcc.compendium:icons/silhouettes/item/tcc/bat_wing.png", "ascent": 15, "height": 16, "chars": ["\ua053"]}, {"type": "bitmap", "file": "tcc.compendium:icons/silhouettes/item/tcc/boomerang.png", "ascent": 15, "height": 16, "chars": ["\ua054"]}, {"type": "bitmap", "file": "tcc.compendium:icons/silhouettes/item/tcc/cake/one_bite.png", "ascent": 15, "height": 16, "chars": ["\ua055"]}, {"type": "bitmap", "file": "tcc.compendium:icons/silhouettes/item/tcc/chilling_banner.png", "ascent": 15, "height": 16, "chars": ["\ua056"]}, {"type": "bitmap", "file": "tcc.compendium:icons/silhouettes/item/tcc/creaking_connector.png", "ascent": 15, "height": 16, "chars": ["\ua057"]}, {"type": "bitmap", "file": "tcc.compendium:icons/silhouettes/item/tcc/crystalline_armor_trim_smithing_template.png", "ascent": 15, "height": 16, "chars": ["\ua058"]}, {"type": "bitmap", "file": "tcc.compendium:icons/silhouettes/item/tcc/cursed_crown.png", "ascent": 15, "height": 16, "chars": ["\ua059"]}, {"type": "bitmap", "file": "tcc.compendium:icons/silhouettes/item/tcc/echoing_hourglass.png", "ascent": 15, "height": 16, "chars": ["\ua05a"]}, {"type": "bitmap", "file": "tcc.compendium:icons/silhouettes/item/tcc/enchanted_golden_carrot.png", "ascent": 15, "height": 16, "chars": ["\ua05b"]}, {"type": "bitmap", "file": "tcc.compendium:icons/silhouettes/item/tcc/frostbloom.png", "ascent": 15, "height": 16, "chars": ["\ua05c"]}, {"type": "bitmap", "file": "tcc.compendium:icons/silhouettes/item/tcc/frostbloom_petals.png", "ascent": 15, "height": 16, "chars": ["\ua05d"]}, {"type": "bitmap", "file": "tcc.compendium:icons/silhouettes/item/tcc/fungal_stew.png", "ascent": 15, "height": 16, "chars": ["\ua05e"]}, {"type": "bitmap", "file": "tcc.compendium:icons/silhouettes/item/tcc/glazed_terracotta_pot/white.png", "ascent": 15, "height": 16, "chars": ["\ua05f"]}, {"type": "bitmap", "file": "tcc.compendium:icons/silhouettes/item/tcc/glow_berry_muffin.png", "ascent": 15, "height": 16, "chars": ["\ua060"]}, {"type": "bitmap", "file": "tcc.compendium:icons/silhouettes/item/tcc/gobblerift.png", "ascent": 15, "height": 16, "chars": ["\ua061"]}, {"type": "bitmap", "file": "tcc.compendium:icons/silhouettes/item/tcc/golden_apple_pie.png", "ascent": 15, "height": 16, "chars": ["\ua062"]}, {"type": "bitmap", "file": "tcc.compendium:icons/silhouettes/item/tcc/golden_chorus_fruit.png", "ascent": 15, "height": 16, "chars": ["\ua063"]}, {"type": "bitmap", "file": "tcc.compendium:icons/silhouettes/item/tcc/heartbeet.png", "ascent": 15, "height": 16, "chars": ["\ua064"]}, {"type": "bitmap", "file": "tcc.compendium:icons/silhouettes/item/tcc/locket_of_learning.png", "ascent": 15, "height": 16, "chars": ["\ua065"]}, {"type": "bitmap", "file": "tcc.compendium:icons/silhouettes/item/tcc/nether_reactor_core.png", "ascent": 15, "height": 16, "chars": ["\ua066"]}, {"type": "bitmap", "file": "tcc.compendium:icons/silhouettes/item/tcc/paintbrush/green.png", "ascent": 15, "height": 16, "chars": ["\ua067"]}, {"type": "bitmap", "file": "tcc.compendium:icons/silhouettes/item/tcc/phantom_item_frame.png", "ascent": 15, "height": 16, "chars": ["\ua068"]}, {"type": "bitmap", "file": "tcc.compendium:icons/silhouettes/item/tcc/pottery_sherd/nether_brick/spirit.png", "ascent": 15, "height": 16, "chars": ["\ua069"]}, {"type": "bitmap", "file": "tcc.compendium:icons/silhouettes/item/tcc/pottery_sherd/prismarine/shell.png", "ascent": 15, "height": 16, "chars": ["\ua06a"]}, {"type": "bitmap", "file": "tcc.compendium:icons/silhouettes/item/tcc/pottery_table.png", "ascent": 15, "height": 16, "chars": ["\ua06b"]}, {"type": "bitmap", "file": "tcc.compendium:icons/silhouettes/item/tcc/reactive_seeker.png", "ascent": 15, "height": 16, "chars": ["\ua06c"]}, {"type": "bitmap", "file": "tcc.compendium:icons/silhouettes/item/tcc/riftjuice_bottle.png", "ascent": 15, "height": 16, "chars": ["\ua06d"]}, {"type": "bitmap", "file": "tcc.compendium:icons/silhouettes/item/tcc/rotten_porkchop.png", "ascent": 15, "height": 16, "chars": ["\ua06e"]}, {"type": "bitmap", "file": "tcc.compendium:icons/silhouettes/item/tcc/scalesprouts.png", "ascent": 15, "height": 16, "chars": ["\ua06f"]}, {"type": "bitmap", "file": "tcc.compendium:icons/silhouettes/item/tcc/sightless_eye.png", "ascent": 15, "height": 16, "chars": ["\ua070"]}, {"type": "bitmap", "file": "tcc.compendium:icons/silhouettes/item/tcc/smoldering_seeker.png", "ascent": 15, "height": 16, "chars": ["\ua071"]}, {"type": "bitmap", "file": "tcc.compendium:icons/silhouettes/item/tcc/snail_bucket/brown.png", "ascent": 15, "height": 16, "chars": ["\ua072"]}, {"type": "bitmap", "file": "tcc.compendium:icons/silhouettes/item/tcc/soul_conductor.png", "ascent": 15, "height": 16, "chars": ["\ua073"]}, {"type": "bitmap", "file": "tcc.compendium:icons/silhouettes/item/tcc/soul_seer.png", "ascent": 15, "height": 16, "chars": ["\ua074"]}, {"type": "bitmap", "file": "tcc.compendium:icons/silhouettes/item/tcc/sprouter_egg.png", "ascent": 15, "height": 16, "chars": ["\ua075"]}, {"type": "bitmap", "file": "tcc.compendium:icons/silhouettes/item/tcc/sweet_berry_muffin.png", "ascent": 15, "height": 16, "chars": ["\ua076"]}, {"type": "bitmap", "file": "tcc.compendium:icons/silhouettes/item/tcc/swordfish.png", "ascent": 15, "height": 16, "chars": ["\ua077"]}, {"type": "bitmap", "file": "tcc.compendium:icons/silhouettes/item/tcc/tangling_pearl/on.png", "ascent": 15, "height": 16, "chars": ["\ua078"]}, {"type": "bitmap", "file": "tcc.compendium:icons/silhouettes/item/tcc/unlit_campfire.png", "ascent": 15, "height": 16, "chars": ["\ua079"]}, {"type": "bitmap", "file": "tcc.compendium:icons/silhouettes/item/tcc/weeping_eye.png", "ascent": 15, "height": 16, "chars": ["\ua07a"]}, {"type": "bitmap", "file": "tcc.compendium:icons/silhouettes/item/tcc/witch_hat.png", "ascent": 15, "height": 16, "chars": ["\ua07b"]}, {"type": "bitmap", "file": "tcc.compendium:icons/silhouettes/item/tcc/wrench.png", "ascent": 15, "height": 16, "chars": ["\ua07c"]}]}