{"providers": [{"type": "space", "advances": {" ": -1, "0": 5, "1": -104}}, {"type": "bitmap", "file": "tcc.compendium:images/image_frame.png", "ascent": 46, "height": 60, "chars": ["2"]}, {"type": "bitmap", "file": "tcc.compendium:images/armor_stand_with_arms.png", "ascent": 16, "height": 27, "chars": ["\ua000\ua001\ua002\ua003", "\ua004\ua005\ua006\ua007"]}, {"type": "bitmap", "file": "tcc.compendium:images/axolotl_bucket_variants.png", "ascent": 16, "height": 27, "chars": ["\ua008\ua009\ua00a\ua00b", "\ua00c\ua00d\ua00e\ua00f"]}, {"type": "bitmap", "file": "tcc.compendium:images/badlands_temple.png", "ascent": 16, "height": 27, "chars": ["\ua010\ua011\ua012\ua013", "\ua014\ua015\ua016\ua017"]}, {"type": "bitmap", "file": "tcc.compendium:images/compendium_guide.0.png", "ascent": 16, "height": 27, "chars": ["\ua018\ua019\ua01a\ua01b", "\ua01c\ua01d\ua01e\ua01f"]}, {"type": "bitmap", "file": "tcc.compendium:images/compendium_guide.1.png", "ascent": 16, "height": 27, "chars": ["\ua020\ua021\ua022\ua023", "\ua024\ua025\ua026\ua027"]}, {"type": "bitmap", "file": "tcc.compendium:images/crashed_end_ship.png", "ascent": 16, "height": 27, "chars": ["\ua028\ua029\ua02a\ua02b", "\ua02c\ua02d\ua02e\ua02f"]}, {"type": "bitmap", "file": "tcc.compendium:images/diluted_potions.png", "ascent": 16, "height": 27, "chars": ["\ua030\ua031\ua032\ua033", "\ua034\ua035\ua036\ua037"]}, {"type": "bitmap", "file": "tcc.compendium:images/drowned_variants.png", "ascent": 16, "height": 27, "chars": ["\ua038\ua039\ua03a\ua03b", "\ua03c\ua03d\ua03e\ua03f"]}, {"type": "bitmap", "file": "tcc.compendium:images/echoing_hourglass.png", "ascent": 16, "height": 27, "chars": ["\ua040\ua041\ua042\ua043", "\ua044\ua045\ua046\ua047"]}, {"type": "bitmap", "file": "tcc.compendium:images/enchanter.png", "ascent": 16, "height": 27, "chars": ["\ua048\ua049\ua04a\ua04b", "\ua04c\ua04d\ua04e\ua04f"]}, {"type": "bitmap", "file": "tcc.compendium:images/fishing_treasure_particles.png", "ascent": 16, "height": 27, "chars": ["\ua050\ua051\ua052\ua053", "\ua054\ua055\ua056\ua057"]}, {"type": "bitmap", "file": "tcc.compendium:images/frostbloom.png", "ascent": 16, "height": 27, "chars": ["\ua058\ua059\ua05a\ua05b", "\ua05c\ua05d\ua05e\ua05f"]}, {"type": "bitmap", "file": "tcc.compendium:images/geomancer.png", "ascent": 16, "height": 27, "chars": ["\ua060\ua061\ua062\ua063", "\ua064\ua065\ua066\ua067"]}, {"type": "bitmap", "file": "tcc.compendium:images/glazed_terracotta_pots.png", "ascent": 16, "height": 27, "chars": ["\ua068\ua069\ua06a\ua06b", "\ua06c\ua06d\ua06e\ua06f"]}, {"type": "bitmap", "file": "tcc.compendium:images/glow_lichen_zombie.png", "ascent": 16, "height": 27, "chars": ["\ua070\ua071\ua072\ua073", "\ua074\ua075\ua076\ua077"]}, {"type": "bitmap", "file": "tcc.compendium:images/gobblerift.png", "ascent": 16, "height": 27, "chars": ["\ua078\ua079\ua07a\ua07b", "\ua07c\ua07d\ua07e\ua07f"]}, {"type": "bitmap", "file": "tcc.compendium:images/iceologer.png", "ascent": 16, "height": 27, "chars": ["\ua080\ua081\ua082\ua083", "\ua084\ua085\ua086\ua087"]}, {"type": "bitmap", "file": "tcc.compendium:images/locket_of_learning.png", "ascent": 16, "height": 27, "chars": ["\ua088\ua089\ua08a\ua08b", "\ua08c\ua08d\ua08e\ua08f"]}, {"type": "bitmap", "file": "tcc.compendium:images/more_illager_banners.png", "ascent": 16, "height": 27, "chars": ["\ua090\ua091\ua092\ua093", "\ua094\ua095\ua096\ua097"]}, {"type": "bitmap", "file": "tcc.compendium:images/nether_brick_pottery.png", "ascent": 16, "height": 27, "chars": ["\ua098\ua099\ua09a\ua09b", "\ua09c\ua09d\ua09e\ua09f"]}, {"type": "bitmap", "file": "tcc.compendium:images/nether_reactor.png", "ascent": 16, "height": 27, "chars": ["\ua0a0\ua0a1\ua0a2\ua0a3", "\ua0a4\ua0a5\ua0a6\ua0a7"]}, {"type": "bitmap", "file": "tcc.compendium:images/ocean_monument_rework.png", "ascent": 16, "height": 27, "chars": ["\ua0a8\ua0a9\ua0aa\ua0ab", "\ua0ac\ua0ad\ua0ae\ua0af"]}, {"type": "bitmap", "file": "tcc.compendium:images/phantom_item_frame.png", "ascent": 16, "height": 27, "chars": ["\ua0b0\ua0b1\ua0b2\ua0b3", "\ua0b4\ua0b5\ua0b6\ua0b7"]}, {"type": "bitmap", "file": "tcc.compendium:images/prismarine_pottery.png", "ascent": 16, "height": 27, "chars": ["\ua0b8\ua0b9\ua0ba\ua0bb", "\ua0bc\ua0bd\ua0be\ua0bf"]}, {"type": "bitmap", "file": "tcc.compendium:images/refuge_remains.png", "ascent": 16, "height": 27, "chars": ["\ua0c0\ua0c1\ua0c2\ua0c3", "\ua0c4\ua0c5\ua0c6\ua0c7"]}, {"type": "bitmap", "file": "tcc.compendium:images/snail.png", "ascent": 16, "height": 27, "chars": ["\ua0c8\ua0c9\ua0ca\ua0cb", "\ua0cc\ua0cd\ua0ce\ua0cf"]}, {"type": "bitmap", "file": "tcc.compendium:images/sprouter.png", "ascent": 16, "height": 27, "chars": ["\ua0d0\ua0d1\ua0d2\ua0d3", "\ua0d4\ua0d5\ua0d6\ua0d7"]}, {"type": "bitmap", "file": "tcc.compendium:images/tundra_keep.png", "ascent": 16, "height": 27, "chars": ["\ua0d8\ua0d9\ua0da\ua0db", "\ua0dc\ua0dd\ua0de\ua0df"]}, {"type": "bitmap", "file": "tcc.compendium:images/village_cherry_grove.png", "ascent": 16, "height": 27, "chars": ["\ua0e0\ua0e1\ua0e2\ua0e3", "\ua0e4\ua0e5\ua0e6\ua0e7"]}, {"type": "bitmap", "file": "tcc.compendium:images/village_mangrove_swamp.png", "ascent": 16, "height": 27, "chars": ["\ua0e8\ua0e9\ua0ea\ua0eb", "\ua0ec\ua0ed\ua0ee\ua0ef"]}, {"type": "bitmap", "file": "tcc.compendium:images/village_sparse_jungle.png", "ascent": 16, "height": 27, "chars": ["\ua0f0\ua0f1\ua0f2\ua0f3", "\ua0f4\ua0f5\ua0f6\ua0f7"]}, {"type": "bitmap", "file": "tcc.compendium:images/wandering_witch.png", "ascent": 16, "height": 27, "chars": ["\ua0f8\ua0f9\ua0fa\ua0fb", "\ua0fc\ua0fd\ua0fe\ua0ff"]}, {"type": "bitmap", "file": "tcc.compendium:images/witch_hat.png", "ascent": 16, "height": 27, "chars": ["\ua100\ua101\ua102\ua103", "\ua104\ua105\ua106\ua107"]}, {"type": "bitmap", "file": "tcc.compendium:images/woodland_mansion_rework.0.png", "ascent": 16, "height": 27, "chars": ["\ua108\ua109\ua10a\ua10b", "\ua10c\ua10d\ua10e\ua10f"]}, {"type": "bitmap", "file": "tcc.compendium:images/woodland_mansion_rework.1.png", "ascent": 16, "height": 27, "chars": ["\ua110\ua111\ua112\ua113", "\ua114\ua115\ua116\ua117"]}]}