{"providers": [{"type": "space", "advances": {"\ua000": -144, "\ua001": 22}}, {"type": "bitmap", "file": "minecraft:item/music_disc_pigstep.png", "ascent": 16, "height": 16, "chars": ["\ua002"]}, {"type": "bitmap", "file": "tcc:item/amethyst_dust.png", "ascent": 16, "height": 16, "chars": ["\ua003"]}, {"type": "bitmap", "file": "tcc.compendium:toast_icons/ancient_city_archaeology.png", "ascent": 16, "height": 16, "chars": ["\ua004"]}, {"type": "bitmap", "file": "tcc:item/apple_pie.png", "ascent": 16, "height": 16, "chars": ["\ua005"]}, {"type": "bitmap", "file": "tcc.compendium:toast_icons/archaeologist.png", "ascent": 16, "height": 16, "chars": ["\ua006"]}, {"type": "bitmap", "file": "tcc:item/armor_stand_with_arms.png", "ascent": 16, "height": 16, "chars": ["\ua007"]}, {"type": "bitmap", "file": "tcc:item/crystalline_armor_trim_smithing_template.png", "ascent": 16, "height": 16, "chars": ["\ua008"]}, {"type": "bitmap", "file": "tcc:item/axolotl_bucket/gold.png", "ascent": 16, "height": 16, "chars": ["\ua009"]}, {"type": "bitmap", "file": "tcc.compendium:toast_icons/badlands_temple.png", "ascent": 16, "height": 16, "chars": ["\ua00a"]}, {"type": "bitmap", "file": "tcc:item/bat_wing.png", "ascent": 16, "height": 16, "chars": ["\ua00b"]}, {"type": "bitmap", "file": "tcc.compendium:toast_icons/mangrove_roots.png", "ascent": 16, "height": 16, "chars": ["\ua00c"]}, {"type": "bitmap", "file": "minecraft:item/fishing_rod.png", "ascent": 16, "height": 16, "chars": ["\ua00d"]}, {"type": "bitmap", "file": "tcc.compendium:toast_icons/blind_rage_potion.png", "ascent": 16, "height": 16, "chars": ["\ua00e"]}, {"type": "bitmap", "file": "tcc:item/boomerang.png", "ascent": 16, "height": 16, "chars": ["\ua00f"]}, {"type": "bitmap", "file": "tcc:item/cake/one_bite.png", "ascent": 16, "height": 16, "chars": ["\ua010"]}, {"type": "bitmap", "file": "tcc.compendium:toast_icons/unlit_campfire.png", "ascent": 16, "height": 16, "chars": ["\ua011"]}, {"type": "bitmap", "file": "tcc.compendium:toast_icons/cat_improvements.png", "ascent": 16, "height": 16, "chars": ["\ua012"]}, {"type": "bitmap", "file": "tcc.compendium:toast_icons/climbable_chains.png", "ascent": 16, "height": 16, "chars": ["\ua013"]}, {"type": "bitmap", "file": "tcc.compendium:toast_icons/magenta_dye.png", "ascent": 16, "height": 16, "chars": ["\ua014"]}, {"type": "bitmap", "file": "tcc.compendium:toast_icons/loom.png", "ascent": 16, "height": 16, "chars": ["\ua015"]}, {"type": "bitmap", "file": "minecraft:item/rib_armor_trim_smithing_template.png", "ascent": 16, "height": 16, "chars": ["\ua016"]}, {"type": "bitmap", "file": "tcc.compendium:toast_icons/spruce_stairs.png", "ascent": 16, "height": 16, "chars": ["\ua017"]}, {"type": "bitmap", "file": "tcc.compendium:toast_icons/spruce_trapdoor.png", "ascent": 16, "height": 16, "chars": ["\ua018"]}, {"type": "bitmap", "file": "tcc.compendium:toast_icons/fire_coral_block.png", "ascent": 16, "height": 16, "chars": ["\ua019"]}, {"type": "bitmap", "file": "tcc.compendium:toast_icons/cracked_deepslate_tiles.png", "ascent": 16, "height": 16, "chars": ["\ua01a"]}, {"type": "bitmap", "file": "minecraft:item/piglin_banner_pattern.png", "ascent": 16, "height": 16, "chars": ["\ua01b"]}, {"type": "bitmap", "file": "tcc.compendium:toast_icons/crashed_end_ship.png", "ascent": 16, "height": 16, "chars": ["\ua01c"]}, {"type": "bitmap", "file": "tcc.compendium:toast_icons/creaking_connector.png", "ascent": 16, "height": 16, "chars": ["\ua01d"]}, {"type": "bitmap", "file": "tcc.compendium:toast_icons/cursed_crown.png", "ascent": 16, "height": 16, "chars": ["\ua01e"]}, {"type": "bitmap", "file": "tcc.compendium:toast_icons/dead_bush.png", "ascent": 16, "height": 16, "chars": ["\ua01f"]}, {"type": "bitmap", "file": "tcc.compendium:toast_icons/sandstone.png", "ascent": 16, "height": 16, "chars": ["\ua020"]}, {"type": "bitmap", "file": "tcc.compendium:toast_icons/diluted_potions.png", "ascent": 16, "height": 16, "chars": ["\ua021"]}, {"type": "bitmap", "file": "tcc.compendium:toast_icons/dragon_head.png", "ascent": 16, "height": 16, "chars": ["\ua022"]}, {"type": "bitmap", "file": "tcc.compendium:toast_icons/drowned_variants.png", "ascent": 16, "height": 16, "chars": ["\ua023"]}, {"type": "bitmap", "file": "tcc.compendium:toast_icons/tall_dry_grass.png", "ascent": 16, "height": 16, "chars": ["\ua024"]}, {"type": "bitmap", "file": "tcc.compendium:toast_icons/dyed_compasses.png", "ascent": 16, "height": 16, "chars": ["\ua025"]}, {"type": "bitmap", "file": "tcc.compendium:toast_icons/dyed_written_books.png", "ascent": 16, "height": 16, "chars": ["\ua026"]}, {"type": "bitmap", "file": "tcc:item/echoing_hourglass.png", "ascent": 16, "height": 16, "chars": ["\ua027"]}, {"type": "bitmap", "file": "minecraft:item/echo_shard.png", "ascent": 16, "height": 16, "chars": ["\ua028"]}, {"type": "bitmap", "file": "tcc.compendium:toast_icons/elder_guardian_improvements.png", "ascent": 16, "height": 16, "chars": ["\ua029"]}, {"type": "bitmap", "file": "tcc.compendium:toast_icons/enchanted_golden_carrot.png", "ascent": 16, "height": 16, "chars": ["\ua02a"]}, {"type": "bitmap", "file": "tcc.compendium:toast_icons/enchanter.png", "ascent": 16, "height": 16, "chars": ["\ua02b"]}, {"type": "bitmap", "file": "tcc.compendium:toast_icons/purpur_block.png", "ascent": 16, "height": 16, "chars": ["\ua02c"]}, {"type": "bitmap", "file": "tcc.compendium:toast_icons/fishing_treasure_particles.png", "ascent": 16, "height": 16, "chars": ["\ua02d"]}, {"type": "bitmap", "file": "tcc.compendium:toast_icons/fortitude_potion.png", "ascent": 16, "height": 16, "chars": ["\ua02e"]}, {"type": "bitmap", "file": "tcc.compendium:toast_icons/frostbloom.png", "ascent": 16, "height": 16, "chars": ["\ua02f"]}, {"type": "bitmap", "file": "tcc:item/frostbloom_petals.png", "ascent": 16, "height": 16, "chars": ["\ua030"]}, {"type": "bitmap", "file": "tcc:item/fungal_stew.png", "ascent": 16, "height": 16, "chars": ["\ua031"]}, {"type": "bitmap", "file": "tcc.compendium:toast_icons/geomancer.png", "ascent": 16, "height": 16, "chars": ["\ua032"]}, {"type": "bitmap", "file": "tcc.compendium:toast_icons/gilded_blackstone.png", "ascent": 16, "height": 16, "chars": ["\ua033"]}, {"type": "bitmap", "file": "tcc.compendium:toast_icons/glazed_terracotta_pot/white.png", "ascent": 16, "height": 16, "chars": ["\ua034"]}, {"type": "bitmap", "file": "tcc:item/glow_berry_muffin.png", "ascent": 16, "height": 16, "chars": ["\ua035"]}, {"type": "bitmap", "file": "tcc.compendium:toast_icons/glow_lichen_zombie.png", "ascent": 16, "height": 16, "chars": ["\ua036"]}, {"type": "bitmap", "file": "tcc:item/gobblerift.png", "ascent": 16, "height": 16, "chars": ["\ua037"]}, {"type": "bitmap", "file": "tcc:item/golden_apple_pie.png", "ascent": 16, "height": 16, "chars": ["\ua038"]}, {"type": "bitmap", "file": "tcc:item/golden_chorus_fruit.png", "ascent": 16, "height": 16, "chars": ["\ua039"]}, {"type": "bitmap", "file": "tcc.compendium:toast_icons/green_glazed_terracotta.png", "ascent": 16, "height": 16, "chars": ["\ua03a"]}, {"type": "bitmap", "file": "tcc.compendium:toast_icons/hay_block.png", "ascent": 16, "height": 16, "chars": ["\ua03b"]}, {"type": "bitmap", "file": "tcc:item/heartbeet.png", "ascent": 16, "height": 16, "chars": ["\ua03c"]}, {"type": "bitmap", "file": "tcc.compendium:toast_icons/hoglin_improvements.png", "ascent": 16, "height": 16, "chars": ["\ua03d"]}, {"type": "bitmap", "file": "minecraft:item/diamond_horse_armor.png", "ascent": 16, "height": 16, "chars": ["\ua03e"]}, {"type": "bitmap", "file": "tcc.compendium:toast_icons/iceologer.png", "ascent": 16, "height": 16, "chars": ["\ua03f"]}, {"type": "bitmap", "file": "tcc.compendium:toast_icons/prismarine_bricks.png", "ascent": 16, "height": 16, "chars": ["\ua040"]}, {"type": "bitmap", "file": "minecraft:item/trident.png", "ascent": 16, "height": 16, "chars": ["\ua041"]}, {"type": "bitmap", "file": "minecraft:item/chain.png", "ascent": 16, "height": 16, "chars": ["\ua042"]}, {"type": "bitmap", "file": "tcc.compendium:toast_icons/emerald_ore.png", "ascent": 16, "height": 16, "chars": ["\ua043"]}, {"type": "bitmap", "file": "minecraft:item/shulker_shell.png", "ascent": 16, "height": 16, "chars": ["\ua044"]}, {"type": "bitmap", "file": "tcc.compendium:toast_icons/jungle_temple_rework.png", "ascent": 16, "height": 16, "chars": ["\ua045"]}, {"type": "bitmap", "file": "tcc.compendium:toast_icons/locket_of_learning.png", "ascent": 16, "height": 16, "chars": ["\ua046"]}, {"type": "bitmap", "file": "minecraft:item/mace.png", "ascent": 16, "height": 16, "chars": ["\ua047"]}, {"type": "bitmap", "file": "tcc.compendium:toast_icons/more_flower_pots.png", "ascent": 16, "height": 16, "chars": ["\ua048"]}, {"type": "bitmap", "file": "tcc.compendium:toast_icons/chilling_banner.png", "ascent": 16, "height": 16, "chars": ["\ua049"]}, {"type": "bitmap", "file": "minecraft:item/iron_pickaxe.png", "ascent": 16, "height": 16, "chars": ["\ua04a"]}, {"type": "bitmap", "file": "tcc.compendium:toast_icons/mossy_cobblestone_stairs.png", "ascent": 16, "height": 16, "chars": ["\ua04b"]}, {"type": "bitmap", "file": "minecraft:item/flower_pot.png", "ascent": 16, "height": 16, "chars": ["\ua04c"]}, {"type": "bitmap", "file": "minecraft:item/torchflower_seeds.png", "ascent": 16, "height": 16, "chars": ["\ua04d"]}, {"type": "bitmap", "file": "tcc.compendium:toast_icons/stonecutter.png", "ascent": 16, "height": 16, "chars": ["\ua04e"]}, {"type": "bitmap", "file": "tcc.compendium:toast_icons/blackstone.png", "ascent": 16, "height": 16, "chars": ["\ua04f"]}, {"type": "bitmap", "file": "minecraft:item/suspicious_stew.png", "ascent": 16, "height": 16, "chars": ["\ua050"]}, {"type": "bitmap", "file": "tcc:item/pottery_sherd/nether_brick/spirit.png", "ascent": 16, "height": 16, "chars": ["\ua051"]}, {"type": "bitmap", "file": "tcc.compendium:toast_icons/gilded_blackstone.png", "ascent": 16, "height": 16, "chars": ["\ua052"]}, {"type": "bitmap", "file": "tcc.compendium:toast_icons/nether_reactor_core.png", "ascent": 16, "height": 16, "chars": ["\ua053"]}, {"type": "bitmap", "file": "tcc.compendium:toast_icons/ocean_monument_rework.png", "ascent": 16, "height": 16, "chars": ["\ua054"]}, {"type": "bitmap", "file": "tcc.compendium:toast_icons/mossy_cobblestone.png", "ascent": 16, "height": 16, "chars": ["\ua055"]}, {"type": "bitmap", "file": "tcc:item/paintbrush/green.png", "ascent": 16, "height": 16, "chars": ["\ua056"]}, {"type": "bitmap", "file": "tcc:item/phantom_item_frame.png", "ascent": 16, "height": 16, "chars": ["\ua057"]}, {"type": "bitmap", "file": "tcc.compendium:toast_icons/piglin_bartering_archaeology.png", "ascent": 16, "height": 16, "chars": ["\ua058"]}, {"type": "bitmap", "file": "tcc.compendium:toast_icons/pig_improvements.png", "ascent": 16, "height": 16, "chars": ["\ua059"]}, {"type": "bitmap", "file": "tcc.compendium:toast_icons/pottery_table.png", "ascent": 16, "height": 16, "chars": ["\ua05a"]}, {"type": "bitmap", "file": "tcc:item/pottery_sherd/prismarine/shell.png", "ascent": 16, "height": 16, "chars": ["\ua05b"]}, {"type": "bitmap", "file": "tcc.compendium:toast_icons/quarry_remnant.png", "ascent": 16, "height": 16, "chars": ["\ua05c"]}, {"type": "bitmap", "file": "minecraft:item/sentry_armor_trim_smithing_template.png", "ascent": 16, "height": 16, "chars": ["\ua05d"]}, {"type": "bitmap", "file": "tcc.compendium:toast_icons/reactive_seeker.png", "ascent": 16, "height": 16, "chars": ["\ua05e"]}, {"type": "bitmap", "file": "tcc.compendium:toast_icons/recovery_compass.png", "ascent": 16, "height": 16, "chars": ["\ua05f"]}, {"type": "bitmap", "file": "tcc.compendium:toast_icons/refuge_remains.png", "ascent": 16, "height": 16, "chars": ["\ua060"]}, {"type": "bitmap", "file": "tcc:item/riftjuice_bottle.png", "ascent": 16, "height": 16, "chars": ["\ua061"]}, {"type": "bitmap", "file": "tcc.compendium:toast_icons/rooted_dirt.png", "ascent": 16, "height": 16, "chars": ["\ua062"]}, {"type": "bitmap", "file": "tcc:item/rotten_porkchop.png", "ascent": 16, "height": 16, "chars": ["\ua063"]}, {"type": "bitmap", "file": "tcc:item/scalesprouts.png", "ascent": 16, "height": 16, "chars": ["\ua064"]}, {"type": "bitmap", "file": "tcc.compendium:toast_icons/sculk.png", "ascent": 16, "height": 16, "chars": ["\ua065"]}, {"type": "bitmap", "file": "tcc:item/sightless_eye.png", "ascent": 16, "height": 16, "chars": ["\ua066"]}, {"type": "bitmap", "file": "tcc.compendium:toast_icons/enchanted_book.png", "ascent": 16, "height": 16, "chars": ["\ua067"]}, {"type": "bitmap", "file": "tcc.compendium:toast_icons/smoldering_seeker.png", "ascent": 16, "height": 16, "chars": ["\ua068"]}, {"type": "bitmap", "file": "tcc:item/snail_bucket/brown.png", "ascent": 16, "height": 16, "chars": ["\ua069"]}, {"type": "bitmap", "file": "tcc.compendium:toast_icons/soul_conductor.png", "ascent": 16, "height": 16, "chars": ["\ua06a"]}, {"type": "bitmap", "file": "tcc.compendium:toast_icons/soul_seer.png", "ascent": 16, "height": 16, "chars": ["\ua06b"]}, {"type": "bitmap", "file": "tcc:item/sprouter_egg.png", "ascent": 16, "height": 16, "chars": ["\ua06c"]}, {"type": "bitmap", "file": "tcc:item/sweet_berry_muffin.png", "ascent": 16, "height": 16, "chars": ["\ua06d"]}, {"type": "bitmap", "file": "tcc:item/swordfish.png", "ascent": 16, "height": 16, "chars": ["\ua06e"]}, {"type": "bitmap", "file": "tcc:item/tangling_pearl/on.png", "ascent": 16, "height": 16, "chars": ["\ua06f"]}, {"type": "bitmap", "file": "minecraft:item/totem_of_undying.png", "ascent": 16, "height": 16, "chars": ["\ua070"]}, {"type": "bitmap", "file": "tcc.compendium:toast_icons/exposed_copper_bulb.png", "ascent": 16, "height": 16, "chars": ["\ua071"]}, {"type": "bitmap", "file": "tcc.compendium:toast_icons/tundra_keep.png", "ascent": 16, "height": 16, "chars": ["\ua072"]}, {"type": "bitmap", "file": "minecraft:item/turtle_helmet.png", "ascent": 16, "height": 16, "chars": ["\ua073"]}, {"type": "bitmap", "file": "tcc.compendium:toast_icons/village_cherry_grove.png", "ascent": 16, "height": 16, "chars": ["\ua074"]}, {"type": "bitmap", "file": "tcc.compendium:toast_icons/village_mangrove_swamp.png", "ascent": 16, "height": 16, "chars": ["\ua075"]}, {"type": "bitmap", "file": "tcc.compendium:toast_icons/village_sparse_jungle.png", "ascent": 16, "height": 16, "chars": ["\ua076"]}, {"type": "bitmap", "file": "tcc.compendium:toast_icons/wandering_trader_rework.png", "ascent": 16, "height": 16, "chars": ["\ua077"]}, {"type": "bitmap", "file": "tcc.compendium:toast_icons/wandering_witch.png", "ascent": 16, "height": 16, "chars": ["\ua078"]}, {"type": "bitmap", "file": "tcc.compendium:toast_icons/note_block.png", "ascent": 16, "height": 16, "chars": ["\ua079"]}, {"type": "bitmap", "file": "tcc.compendium:toast_icons/weeping_eye.png", "ascent": 16, "height": 16, "chars": ["\ua07a"]}, {"type": "bitmap", "file": "tcc.compendium:toast_icons/witch_hat.png", "ascent": 16, "height": 16, "chars": ["\ua07b"]}, {"type": "bitmap", "file": "tcc.compendium:toast_icons/woodland_mansion_rework.png", "ascent": 16, "height": 16, "chars": ["\ua07c"]}, {"type": "bitmap", "file": "tcc:item/wrench.png", "ascent": 16, "height": 16, "chars": ["\ua07d"]}, {"type": "bitmap", "file": "minecraft:item/iron_nugget.png", "ascent": 16, "height": 16, "chars": ["\ua07e"]}, {"type": "bitmap", "file": "minecraft:item/emerald.png", "ascent": 16, "height": 16, "chars": ["\ua07f"]}]}