{
  "model": {
    "type": "minecraft:select",
    "cases": [
      {
        "model": {
          "type": "minecraft:model",
          "model": "minecraft:item/iron_boots_quartz_trim"
        },
        "when": "minecraft:quartz"
      },
      {
        "model": {
          "type": "minecraft:model",
          "model": "minecraft:item/iron_boots_iron_trim"
        },
        "when": "minecraft:iron"
      },
      {
        "model": {
          "type": "minecraft:model",
          "model": "minecraft:item/iron_boots_netherite_trim"
        },
        "when": "minecraft:netherite"
      },
      {
        "model": {
          "type": "minecraft:model",
          "model": "minecraft:item/iron_boots_redstone_trim"
        },
        "when": "minecraft:redstone"
      },
      {
        "model": {
          "type": "minecraft:model",
          "model": "minecraft:item/iron_boots_copper_trim"
        },
        "when": "minecraft:copper"
      },
      {
        "model": {
          "type": "minecraft:model",
          "model": "minecraft:item/iron_boots_gold_trim"
        },
        "when": "minecraft:gold"
      },
      {
        "model": {
          "type": "minecraft:model",
          "model": "minecraft:item/iron_boots_emerald_trim"
        },
        "when": "minecraft:emerald"
      },
      {
        "model": {
          "type": "minecraft:model",
          "model": "minecraft:item/iron_boots_diamond_trim"
        },
        "when": "minecraft:diamond"
      },
      {
        "model": {
          "type": "minecraft:model",
          "model": "minecraft:item/iron_boots_lapis_trim"
        },
        "when": "minecraft:lapis"
      },
      {
        "model": {
          "type": "minecraft:model",
          "model": "minecraft:item/iron_boots_amethyst_trim"
        },
        "when": "minecraft:amethyst"
      },
      {
        "model": {
          "type": "minecraft:model",
          "model": "minecraft:item/iron_boots_resin_trim"
        },
        "when": "minecraft:resin"
      },
      {
        "model": {
          "type": "minecraft:model",
          "model": "mcs_nations:item/iron_boots_echo_trim"
        },
        "when": "mcs_nations:echo"
      },
      {
        "model": {
          "type": "minecraft:model",
          "model": "mcs_nations:item/iron_boots_scrap_trim"
        },
        "when": "mcs_nations:scrap"
      },
      {
        "model": {
          "type": "minecraft:model",
          "model": "mcs_nations:item/iron_boots_purpur_trim"
        },
        "when": "mcs_nations:purpur"
      },
      {
        "model": {
          "type": "minecraft:model",
          "model": "mcs_nations:item/iron_boots_prismarine_trim"
        },
        "when": "mcs_nations:prismarine"
      }
    ],
    "fallback": {
      "type": "minecraft:model",
      "model": "minecraft:item/iron_boots"
    },
    "property": "minecraft:trim_material"
  }
}
