{
  "model": {
    "type": "minecraft:select",
    "cases": [
      {
        "model": {
          "type": "minecraft:model",
          "model": "minecraft:item/leather_boots_quartz_trim",
          "tints": [
            {
              "type": "minecraft:dye",
              "default": -6265536
            }
          ]
        },
        "when": "minecraft:quartz"
      },
      {
        "model": {
          "type": "minecraft:model",
          "model": "minecraft:item/leather_boots_iron_trim",
          "tints": [
            {
              "type": "minecraft:dye",
              "default": -6265536
            }
          ]
        },
        "when": "minecraft:iron"
      },
      {
        "model": {
          "type": "minecraft:model",
          "model": "minecraft:item/leather_boots_netherite_trim",
          "tints": [
            {
              "type": "minecraft:dye",
              "default": -6265536
            }
          ]
        },
        "when": "minecraft:netherite"
      },
      {
        "model": {
          "type": "minecraft:model",
          "model": "minecraft:item/leather_boots_redstone_trim",
          "tints": [
            {
              "type": "minecraft:dye",
              "default": -6265536
            }
          ]
        },
        "when": "minecraft:redstone"
      },
      {
        "model": {
          "type": "minecraft:model",
          "model": "minecraft:item/leather_boots_copper_trim",
          "tints": [
            {
              "type": "minecraft:dye",
              "default": -6265536
            }
          ]
        },
        "when": "minecraft:copper"
      },
      {
        "model": {
          "type": "minecraft:model",
          "model": "minecraft:item/leather_boots_gold_trim",
          "tints": [
            {
              "type": "minecraft:dye",
              "default": -6265536
            }
          ]
        },
        "when": "minecraft:gold"
      },
      {
        "model": {
          "type": "minecraft:model",
          "model": "minecraft:item/leather_boots_emerald_trim",
          "tints": [
            {
              "type": "minecraft:dye",
              "default": -6265536
            }
          ]
        },
        "when": "minecraft:emerald"
      },
      {
        "model": {
          "type": "minecraft:model",
          "model": "minecraft:item/leather_boots_diamond_trim",
          "tints": [
            {
              "type": "minecraft:dye",
              "default": -6265536
            }
          ]
        },
        "when": "minecraft:diamond"
      },
      {
        "model": {
          "type": "minecraft:model",
          "model": "minecraft:item/leather_boots_lapis_trim",
          "tints": [
            {
              "type": "minecraft:dye",
              "default": -6265536
            }
          ]
        },
        "when": "minecraft:lapis"
      },
      {
        "model": {
          "type": "minecraft:model",
          "model": "minecraft:item/leather_boots_amethyst_trim",
          "tints": [
            {
              "type": "minecraft:dye",
              "default": -6265536
            }
          ]
        },
        "when": "minecraft:amethyst"
      },
      {
        "model": {
          "type": "minecraft:model",
          "model": "minecraft:item/leather_boots_resin_trim",
          "tints": [
            {
              "type": "minecraft:dye",
              "default": -6265536
            }
          ]
        },
        "when": "minecraft:resin"
      },
      {
        "model": {
          "type": "minecraft:model",
          "model": "mcs_nations:item/leather_boots_echo_trim",
          "tints": [
            {
              "type": "minecraft:dye",
              "default": -6265536
            }
          ]
        },
        "when": "mcs_nations:echo"
      },
      {
        "model": {
          "type": "minecraft:model",
          "model": "mcs_nations:item/leather_boots_scrap_trim",
          "tints": [
            {
              "type": "minecraft:dye",
              "default": -6265536
            }
          ]
        },
        "when": "mcs_nations:scrap"
      },
      {
        "model": {
          "type": "minecraft:model",
          "model": "mcs_nations:item/leather_boots_purpur_trim",
          "tints": [
            {
              "type": "minecraft:dye",
              "default": -6265536
            }
          ]
        },
        "when": "mcs_nations:purpur"
      },
      {
        "model": {
          "type": "minecraft:model",
          "model": "mcs_nations:item/leather_boots_prismarine_trim",
          "tints": [
            {
              "type": "minecraft:dye",
              "default": -6265536
            }
          ]
        },
        "when": "mcs_nations:prismarine"
      }
    ],
    "fallback": {
      "type": "minecraft:model",
      "model": "minecraft:item/leather_boots",
      "tints": [
        {
          "type": "minecraft:dye",
          "default": -6265536
        }
      ]
    },
    "property": "minecraft:trim_material"
  }
}
